name,zipcode,email
ABZAC,33,mairieabzac2@wanadoo.fr
AILLAS,33,aillas2@wanadoo.fr
AMBARES-ET-LAGRAVE,33,mairie@ville-ambaresetlagrave.fr
AMBES,33,internet@mairie-ambes.fr
ANDERNOS-LES-BAINS,33,culture.animation@andernos-les-bains.com
ANGLADE,33,mairie.anglade@wanadoo.fr
ARBANATS,33,mairie.arbanats@wanadoo.fr
ARBIS,33,mairie.arbis@orange.fr
ARCACHON,33,mairie@ville-arcachon.fr
ARCINS,33,mairie.arcins@wanadoo.fr
ARES,33,ares@wanadoo.fr
ARSAC,33,mairie@arsac.fr
ARTIGUES-PRES-BORDEAUX,33,mairie@artigues-pres-bordeaux.fr
ARVEYRES,33,mairiearveyres@wanadoo.fr
ASQUES,33,asques.mairie-asques@wanadoo.fr
AUBIAC,33,mairie.aubiac@wanadoo.fr
AUBIE-ET-ESPESSAS,33,mairie.aubie@wanadoo.fr
AUDENGE,33,courrier@mairie-audenge.fr
AURIOLLES,33,auriolles.mairie@wanadoo.fr
AUROS,33,auros@wanadoo.fr
AVENSAN,33,mairie.avensan@mairie-avensan.fr
AYGUEMORTE-LES-GRAVES,33,mairie-ayguemortelesgraves@wanadoo.fr
BAGAS,33,de-bagas.mairie@wanadoo.fr
BAIGNEAUX,33,communede.baigneaux@wanadoo.fr
BALIZAC,33,mairie.balizac@wanadoo.fr
BARIE,33,mairiebarie@wanadoo.fr
BARON,33,mairie-baron@wanadoo.fr
BARSAC,33,mairie@barsac.fr
BASSANNE,33,mairie.de.bassanne@wanadoo.fr
BASSENS,33,contact@ville-bassens.fr
BAURECH,33,mairie.baurech@orange.fr
BAYAS,33,mairiedebayas@wanadoo.fr
BAYON-SUR-GIRONDE,33,mairie-debayon@hotmail.fr
BAZAS,33,mairie.bazas@wanadoo.fr
BEAUTIRAN,33,mairiebeautiran@wanadoo.fr
BEGADAN,33,mairie.begadan@wanadoo.fr
BEGLES,33,contact@mairie-begles.fr
BEGUEY,33,mairie.beguey@wanadoo.fr
BELIN-BELIET,33,mairie@belin-beliet.fr
BELLEBAT,33,communedebellebat@orange.fr
BELLEFOND,33,communedebellefond@orange.fr
BELVES-DE-CASTILLON,33,mairiebelvesdecastillon@wanadoo.fr
BERNOS-BEAULAC,33,mairie.bernos.beaulac@wanadoo.fr
BERSON,33,mairie-de-berson@wanadoo.fr
BERTHEZ,33,mairie.de.berthez@wanadoo.fr
BEYCHAC-ET-CAILLAU,33,mairie.beychac.cailleau@wanadoo.fr
BIEUJAC,33,mairiebieujac@wanadoo.fr
BIGANOS,33,froy@villedebiganos.fr
BIRAC,33,mairie.birac@orange.fr
BLAIGNAC,33,mairie-de-blaignac@wanadoo.fr
BLAIGNAN,33,mairie.blaignan@wanadoo.fr
BLANQUEFORT,33,lemaire@ville-blanquefort.fr
BLASIMON,33,33blasimon@wanadoo.fr
BLAYE,33,mairie@blaye.fr
BLESIGNAC,33,mairie.blesignac@wanadoo.fr
BOMMES,33,bommes@laposte.net
BONNETAN,33,mairie.bonnetan@wanadoo.fr
BONZAC,33,mairie-bonzac@wanadoo.fr
BORDEAUX,33,contact@mairie-bordeaux.fr
BOSSUGAN,33,mairiedebossugan@wanadoo.fr
BOULIAC,33,mairie@ville-bouliac.fr
BOURDELLES,33,mairiebourdelles@orange.fr
BOURG,33,commune-de-bourg@wanadoo.fr
BOURIDEYS,33,mairie.bourideys@orange.fr
BRACH,33,mairie.brach@wanadoo.fr
BRANNE,33,mairie-de-branne@wanadoo.fr
BRANNENS,33,mairie.brannens@wanadoo.fr
BRAUD-ET-SAINT-LOUIS,33,sg@mairie-braud.com
BROUQUEYRAN,33,mairie.brouqueyran@wanadoo.fr
BRUGES,33,""
BUDOS,33,mairie.budos@wanadoo.fr
CABANAC-ET-VILLAGRAINS,33,mairie.cabanac-et-villagrains@wanadoo.fr
CABARA,33,mairie.cabara@wanadoo.fr
CADARSAC,33,mairie-cadarsac@wanadoo.fr
CADAUJAC,33,mairie@mairie-cadaujac.fr
CADILLAC,33,mairiedecadillac@wanadoo.fr
CADILLAC-EN-FRONSADAIS,33,cadimairie@wanadoo.fr
CAMARSAC,33,mairie.camarsac@wanadoo.fr
CAMBES,33,mairie.de.cambes@wanadoo.fr
CAMBLANES-ET-MEYNAC,33,mairie.camblanes-et-meynac@wanadoo.fr
CAMIAC-ET-SAINT-DENIS,33,mairie-de-camiac-et-saint-denis@orange.fr
CAMIRAN,33,""
CAMPS-SUR-L'ISLE,33,mairiecamps-sur-isle@wanadoo.fr
CAMPUGNAN,33,mairie.campugnan@wanadoo.fr
CANEJAN,33,mairie@canejan.fr
CANTENAC,33,mairie.cantenac@wanadoo.fr
CANTOIS,33,mairie.de.cantois@orange.fr
CAPIAN,33,mairie.capian@free.fr
CAPLONG,33,""
CAPTIEUX,33,contact@captieux.fr
CARBON-BLANC,33,secretariatgal@carbon-blanc.fr
CARCANS,33,mairiecarcans@wanadoo.fr
CARDAN,33,mairiederions@wanadoo.fr
CARIGNAN-DE-BORDEAUX,33,mairie@carignandebdx.fr
CARS,33,mairie.cars@wanadoo.fr
CARTELEGUE,33,mairie.cartelegue@wanadoo.fr
CASSEUIL,33,mairie.mairiedecasseuil@wanadoo.fr
CASTELMORON-D'ALBRET,33,maire.castelmoron-dalbret@wanadoo.fr
CASTELNAU-DE-MEDOC,33,contact@mairie-castelnau-medoc.fr
CASTELVIEL,33,mairiedecastelviel@orange.fr
CASTETS-EN-DORTHE,33,contact@castetsendorthe.fr
CASTILLON-DE-CASTETS,33,castillon.de.castets@wanadoo.fr
CASTILLON-LA-BATAILLE,33,mairie@castillonlabataille.fr
CASTRES-GIRONDE,33,mairie-de-castres-gironde@wanadoo.fr
CAUDROT,33,mairiecaudrot@orange.fr
CAUMONT,33,caumont2@wanadoo.fr
CAUVIGNAC,33,mairie.cauvignac@wanadoo.fr
CAVIGNAC,33,mairie.cavignac@wanadoo.fr
CAZALIS,33,mairie.cazalis@wanadoo.fr
CAZATS,33,mairie.cazats@orange.fr
CAZAUGITAT,33,cazaugitat@wanadoo.fr
CENAC,33,cenac.33.mairie@wanadoo.fr
CENON,33,info@ville-cenon.fr
CERONS,33,mairiedecerons@wanadoo.fr
CESSAC,33,mairiedecessac@wanadoo.fr
CESTAS,33,martine.saura@mairie-cestas.fr
CEZAC,33,mairiecezac@wanadoo.fr
CHAMADELLE,33,mairie-chamadelle@wanadoo.fr
CISSAC-MEDOC,33,mairie.cissac-medoc@wanadoo.fr
CIVRAC-DE-BLAYE,33,civracdeblaye@wanadoo.fr
CIVRAC-EN-MEDOC,33,mairie.civrac.medoc@wanadoo.fr
CIVRAC-SUR-DORDOGNE,33,mairie.civrac@orange.fr
CLEYRAC,33,mairie.cleyrac@free.fr
COIMERES,33,mairie.coimeres@wanadoo.fr
COIRAC,33,coirac@wanadoo.fr
COMPS,33,comps.mairie@orange.fr
COUBEYRAC,33,mairie.decoubeyrac@wanadoo.fr
COUQUEQUES,33,commune-de-couqueque@wanadoo.fr
COURPIAC,33,de-courpiac.mairie@orange.fr
COURS-DE-MONSEGUR,33,mairie.coursdemonsegur@orange.fr
COURS-LES-BAINS,33,mairie.courslesbains@wanadoo.fr
COUTRAS,33,accueil@mairie-coutras.fr
COUTURES,33,mairie.coutures.drot@orange.fr
CREON,33,contact@mairie-creon.fr
CROIGNON,33,mairiedecroignon@wanadoo.fr
CUBNEZAIS,33,mairiedecubnezais33@wanadoo.fr
CUBZAC-LES-PONTS,33,mairie.cubzac@wanadoo.fr
CUDOS,33,mairie-cudos@wanadoo.fr
CURSAN,33,mairiedecursan@wanadoo.fr
CUSSAC-FORT-MEDOC,33,cussac.medoc@wanadoo.fr
DAIGNAC,33,mairie.daignac@wanadoo.fr
DARDENAC,33,mairie.dardenac@wanadoo.fr
DAUBEZE,33,mairie.daubeze@wanadoo.fr
DIEULIVOL,33,mairie.dieulivol@orange.fr
DONNEZAC,33,mairiedonnezac@wanadoo.fr
DONZAC,33,mairie-donzac@info82.com
DOULEZON,33,communedoulezon@orange.fr
ESCAUDES,33,mairie.escaudes@wanadoo.fr
ESCOUSSANS,33,mairie.escoussans@wanadoo.fr
ESPIET,33,mairie.espiet@wanadoo.fr
ETAULIERS,33,mairie@etauliers.fr
EYNESSE,33,mairie.eynesse@orange.fr
EYRANS,33,mairie.eyrans@wanadoo.fr
EYSINES,33,contact@ville-eysines.fr
FALEYRAS,33,mairie.de.faleyras@orange.fr
FARGUES,33,mairie-fargues@wanadoo.fr
FARGUES-SAINT-HILAIRE,33,mducasse-mairie-fsh@orange.fr
FLAUJAGUES,33,mairie.flaujagues@orange.fr
FLOIRAC,33,accueil@ville-floirac33.fr
FLOUDES,33,mairie-de-floudes@wanadoo.fr
FONTET,33,mairie.de.fontet@wanadoo.fr
FOSSES-ET-BALEYSSAC,33,fossesetbaleyssac@wanadoo.fr
FOURS,33,mairiedefours1@orange.fr
FRANCS,33,mairiedefrancs@wanadoo.fr
FRONSAC,33,mairie.fronsac@wanadoo.fr
FRONTENAC,33,mairie.frontenac@wanadoo.fr
GABARNAC,33,mairie-de-gabarnac@wanadoo.fr
GAILLAN-EN-MEDOC,33,mairie-de-gaillan@wanadoo.fr
GAJAC,33,communedegajac@orange.fr
GALGON,33,mairie-de-galgon@wanadoo.fr
GANS,33,mairiegans@wanadoo.fr
GARDEGAN-ET-TOURTIRAC,33,mairiedegardegan@wanadoo.fr
GAURIAC,33,mairie@gauriac.fr
GAURIAGUET,33,mairie.de.gauriaguet@wanadoo.fr
GENERAC,33,generac-mairie@wanadoo.fr
GENISSAC,33,mairie.genissac@wanadoo.fr
GENSAC,33,mairie-de-gensac@wanadoo.fr
GIRONDE-SUR-DROPT,33,gironde-sur-dropt@wanadoo.fr
GISCOS,33,mairie.giscos@wanadoo.fr
GORNAC,33,mairie@gornac.fr
GOUALADE,33,mairie.goualade@wanadoo.fr
GOURS,33,mairiedegours@wanadoo.fr
GRADIGNAN,33,mairie@ville-gradignan.fr
GRAYAN-ET-L'HOPITAL,33,mairie.de.grayan.et.lhopital@wanadoo.fr
GREZILLAC,33,mairie.grezillac33@wanadoo.fr
GRIGNOLS,33,communedegrignols@wanadoo.fr
GUILLAC,33,guillac.mairie@wanadoo.fr
GUILLOS,33,mairie.guillos@orange.fr
GUITRES,33,guitres.mairie@wanadoo.fr
GUJAN-MESTRAS,33,bal.mairie@ville-gujanmestras.fr
HAUX,33,mairie.haux33@wanadoo.fr
HOSTENS,33,mairie@hostens.fr
HOURTIN,33,secretariat@mairie-hourtin.fr
HURE,33,mairie.hure@wannadoo.fr
ILLATS,33,mairie-illats@wanadoo.fr
ISLE-SAINT-GEORGES,33,Mairie.isle.st.georges@wanadoo.fr
IZON,33,compta.izon@wanadoo.fr
JAU-DIGNAC-ET-LOIRAC,33,mairie.de.jau.dignac.loirac@wanadoo.fr
JUGAZAN,33,mairie.jugazan@wanadoo.fr
JUILLAC,33,juillac.mairie@wanadoo.fr
LABARDE,33,mairie-labarde@wanadoo.fr
LABESCAU,33,labescau.mairie@wanadoo.fr
LA-BREDE,33,contact@labrede-montesquieu.com
LACANAU,33,secretariat.dgs@mairie-lacanau.fr
LADAUX,33,mairiedeladaux@orange.fr
LADOS,33,mairie-de-lados2@wanadoo.fr
LAGORCE,33,mairie.de.lagorce@wanadoo.fr
LA-LANDE-DE-FRONSAC,33,mairiedelalandedefronsac@wanadoo.fr
LALANDE-DE-POMEROL,33,mairie.lalande.pomerol@wanadoo.fr
LAMARQUE,33,mairie-de-lamarque@wanadoo.fr
LAMOTHE-LANDERRON,33,lamothe-landerron@wanadoo.fr
LANDERROUAT,33,mairie.landerrouat@wanadoo.fr
LANDERROUET-SUR-SEGUR,33,mairie.landerrouet-sur-segur@orange.fr
LANDIRAS,33,mairie.landiras@wanadoo.fr
LANGOIRAN,33,accueil@langoiran.fr
LANGON,33,contact@langon33.fr
LANSAC,33,mairie@lansac.org
LANTON,33,secretariat-general@ville-lanton.fr
LAPOUYADE,33,mairie-lapouyade@wanadoo.fr
LA-REOLE,33,mairie@lareole.fr
LA-RIVIERE,33,mairie-de-la-riviere@wanadoo.fr
LAROQUE,33,mairie-laroque@wanadoo.fr
LA-ROQUILLE,33,mairie.la-roquille@wanadoo.fr
LARTIGUE,33,mairie.lartigue@orange.fr
LARUSCADE,33,mairie-laruscade@wanadoo.fr
LA-SAUVE,33,mairie.de.la.sauve.majeure@wanadoo.fr
LA-TESTE-DE-BUCH,33,mairie@latestedebuch.fr
LATRESNE,33,mairie@mairie-latresne.fr
LAVAZAN,33,mairie.lavazan@orange.fr
LE-BOUSCAT,33,contact.lebouscat@mairie-le-bouscat.fr
LE-FIEU,33,mairie.lefieu@wanadoo.fr
LEGE-CAP-FERRET,33,secretariat.lege.cap.ferret@wanadoo.fr
LE-HAILLAN,33,contact@ville-lehaillan.fr
LE-NIZAN,33,mairie.le-nizan@wanadoo.fr
LEOGEATS,33,commune.leogeats@wanadoo.fr
LEOGNAN,33,contact@mairie-leognan.fr
LE-PIAN-MEDOC,33,contact@mairie-pianmedoc.fr
LE-PIAN-SUR-GARONNE,33,mairielepiangaronne@wanadoo.fr
LE-PORGE,33,mairie-le-porge@wanadoo.fr
LE-POUT,33,commune.lepout@wanadoo.fr
LE-PUY,33,mairie.lepuy@free.fr
LERM-ET-MUSSET,33,mairiedelermetmusset@orange.fr
LES-ARTIGUES-DE-LUSSAC,33,lesartiguesdelussac@free.fr
LES-BILLAUX,33,mairie.lesbillaux@wanadoo.fr
LES-EGLISOTTES-ET-CHALAURES,33,mairie-les-eglisottes@wanadoo.fr
LES-ESSEINTES,33,lesesseintes@wanadoo.fr
LES-LEVES-ET-THOUMEYRAGUE,33,""
LESPARRE-MEDOC,33,secretariat.maire@mairie-lesparre.fr
LES-PEINTURES,33,mairiedespeintures@wanadoo.fr
LES-SALLES-DE-CASTILLON,33,LesSallesdeCastillon@online.fr
LESTIAC-SUR-GARONNE,33,mairie-lestiac@wanadoo.fr
LE-TAILLAN-MEDOC,33,mairie@taillan-medoc.fr
LE-TEICH,33,ville-de-teich@wanadoo.fr
LE-TEMPLE,33,mairiedutemple@free.fr
LE-TOURNE,33,mairieletourne@wanadoo.fr
LE-TUZAN,33,mairie.le.tuzan@wanadoo.fr
LE-VERDON-SUR-MER,33,contact@ville-verdon.org
LIBOURNE,33,contact@mairie-libourne.fr
LIGNAN-DE-BAZAS,33,mairiedelignandebazas@wanadoo.fr
LIGNAN-DE-BORDEAUX,33,mairie.lignan.bordeaux@wanadoo.fr
LIGUEUX,33,mairie-ligueux@orange.fr
LISTRAC-DE-DUREZE,33,listrac-de-dureze@wanadoo.fr
LISTRAC-MEDOC,33,mlistrac@wanadoo.fr
LORMONT,33,mairie@ville-lormont.fr
LOUBENS,33,loubens@wanadoo.fr
LOUCHATS,33,mairie-louchats@orange.fr
LOUPES,33,mairie.loupes@orange.fr
LOUPIAC,33,mairie-loupiac@wanadoo.fr
LOUPIAC-DE-LA-REOLE,33,mairie-de-loupiac-de-la-reole@wanadoo.fr
LUCMAU,33,mairie.lucmau@wanadoo.fr
LUDON-MEDOC,33,info@mairie-ludon-medoc.fr
LUGAIGNAC,33,mairie.lugaignac@wanadoo.fr
LUGASSON,33,mairie.lugasson@orange.fr
LUGON-ET-L'ILE-DU-CARNEY,33,mairiedelugon@wanadoo.fr
LUGOS,33,commune.lugos@wanadoo.fr
LUSSAC,33,lussac-mairie@wanadoo.fr
MACAU,33,mairie@ville-macau.fr
MADIRAC,33,mairie.madirac@wanadoo.fr
MARANSIN,33,mairie.maransin@wanadoo.fr
MARCENAIS,33,marcenais.mairie@wanadoo.fr
MARCHEPRIME,33,communication@ville-Marcheprime.fr
MARCILLAC,33,mairiemarcillac33@wanadoo.fr
MARGAUX,33,mairie-de-margaux@wanadoo.fr
MARGUERON,33,mairie@margueron.net
MARIMBAULT,33,mairie.marimbault@wanadoo.fr
MARIONS,33,mairielartigue@voila.fr
MARSAS,33,mairie-de-marsas@wanadoo.fr
MARTIGNAS-SUR-JALLE,33,contact@martignas.org
MARTILLAC,33,secretariat@mairie-martillac.fr
MARTRES,33,commune-de-martres@orange.fr
MASSEILLES,33,mairie.masseilles@orange.fr
MASSUGAS,33,mairie-massugas@wanadoo.fr
MAURIAC,33,mauriac@wanadoo.fr
MAZERES,33,mairie-mazeres@wanadoo.fr
MAZION,33,mairie-de-mazion@orange.fr
MERIGNAC,33,contact@merignac.com
MERIGNAS,33,mairie.merignas@wanadoo.fr
MESTERRIEUX,33,mairie.de.mesterrieux@wanadoo.fr
MIOS,33,mairie@villemios.fr
MOMBRIER,33,commune.mombrier@wanadoo.fr
MONGAUZY,33,mongauzy@wanadoo.fr
MONPRIMBLANC,33,mairie.monprimblanc@wanadoo.fr
MONSEGUR,33,monsegur@wanadoo.fr
MONTAGNE,33,commune.montagne@wanadoo.fr
MONTAGOUDIN,33,montagoudin@wanadoo.fr
MONTIGNAC,33,mmontignac@wanadoo.fr
MONTUSSAN,33,mairie.montussan@wanadoo.fr
MORIZES,33,morizes2@wanadoo.fr
MOUILLAC,33,mairiemouillac@wanadoo.fr
MOULIETS-ET-VILLEMARTIN,33,mairiemouliets@wanadoo.fr
MOULIS-EN-MEDOC,33,mairie.moulis.medoc@wanadoo.fr
MOULON,33,secretariat@mairie-moulon.fr
MOURENS,33,mairie.mourens@wanadoo.fr
NAUJAC-SUR-MER,33,mairie.naujac@orange.fr
NAUJAN-ET-POSTIAC,33,mairienaujanpostiac@wanadoo.fr
NEAC,33,communedeneac@orange.fr
NERIGEAN,33,mairiedenerigean@wanadoo.fr
NEUFFONS,33,neuffons@wanadoo.fr
NOAILLAC,33,mairie.noaillac@orange.fr
NOAILLAN,33,mairie.noaillan@wanadoo.fr
OMET,33,mairie.de.omet@wanadoo.fr
ORDONNAC,33,mairie.ordonnac@wanadoo.fr
ORIGNE,33,communeorigne@orange.fr
PAILLET,33,mairie.paillet@cc-artolie.fr
PAREMPUYRE,33,ville@parempuyre.fr
PAUILLAC,33,""
PELLEGRUE,33,pellegrue-mairie@wanadoo.fr
PERISSAC,33,mdperissac@wanadoo.fr 
PESSAC,33,courrier@mairie-pessac.fr
PESSAC-SUR-DORDOGNE,33,mairiepessacsurdordogne@gmail.com
PETIT-PALAIS-ET-CORNEMPS,33,mairiepetitpalaisetcornemps@orange.fr
PEUJARD,33,""
PINEUILH,33,mairie.de.pineuilh@wanadoo.fr
PLASSAC,33,communedeplassac@wanadoo.fr
PLEINE-SELVE,33,mairie.pleine-selve@wanadoo.fr
PODENSAC,33,mairie.podensac@wanadoo.fr
POMEROL,33,mairie.pomerol@wanadoo.fr
POMPEJAC,33,pompejac.mairie@wanadoo.fr
POMPIGNAC,33,mairie@pompignac.fr
PONDAURAT,33,mairie.pondaurat@wanadoo.fr
PORCHERES,33,mairie-porcheres@wanadoo.fr
PORTETS,33,contact@mairie-portets.fr
PRECHAC,33,mairie-prechac33@prechac33.fr
PREIGNAC,33,mairie@preignac.fr
PRIGNAC-EN-MEDOC,33,mairie.de.prignac@wanadoo.fr
PRIGNAC-ET-MARCAMPS,33,prignac-marcamps@wanadoo.fr
PUGNAC,33,mairiepugnac@wanadoo.fr
PUISSEGUIN,33,mairie.puisseguin@wanadoo.fr
PUJOLS,33,pujols.mairie33@wanadoo.fr
PUJOLS-SUR-CIRON,33,mairiepujols@wanadoo.fr
PUYBARBAN,33,mairie.puybarban@wanadoo.fr
PUYNORMAND,33,mairie.de.puynormand@wanadoo.fr
QUEYRAC,33,mairie.de.queyrac@wanadoo.fr
QUINSAC,33,mairiedequinsac@wanadoo.fr
RAUZAN,33,mairie.rauzan@wanadoo.fr
REIGNAC,33,mairie.de.reignac.33@wanadoo.fr
RIMONS,33,mairie.de.rimons@wanadoo.fr
RIOCAUD,33,riocaud.mairie@wanadoo.fr
RIONS,33,mairiederions@wanadoo.fr
ROAILLAN,33,mairie.roaillan@wanadoo.fr
ROMAGNE,33,mairie-de-romagne@wanadoo.fr
ROQUEBRUNE,33,roquebrune33@wanadoo.fr
RUCH,33,mairie.de.ruch@wanadoo.fr
SABLONS,33,mairie.sablons@wanadoo.fr
SADIRAC,33,infomairie@sadirac.com
SAILLANS,33,mairie-de-saillans@orange.fr
SAINT-AIGNAN,33,mairie.de-st-aignan@wanadoo.fr
SAINT-ANDRE-DE-CUBZAC,33,courriers@saintandredecubzac.fr
SAINT-ANDRE-DU-BOIS,33,mairie.saint.andredubois@wanadoo.fr
SAINT-ANDRE-ET-APPELLES,33,mairie.st-andre-et-appelles@wanadoo.fr
SAINT-ANDRONY,33,mairie-saint-androny@wanadoo.fr
SAINT-ANTOINE,33,communesaintantoine@orange.fr
SAINT-ANTOINE-DU-QUEYRET,33,saint.antoine.du.queyret@wanadoo.fr
SAINT-ANTOINE-SUR-L'ISLE,33,mairiedestantoinesurlisle@wanadoo.fr
SAINT-AUBIN-DE-BLAYE,33,st-aubindeblaye@wanadoo.fr
SAINT-AUBIN-DE-BRANNE,33,staubindebranne@wanadoo.fr
SAINT-AUBIN-DE-MEDOC,33,saint.aubin.de.medoc@wanadoo.fr
SAINT-AVIT-DE-SOULEGE,33,st-avit-de-soulege.mairie@wanadoo.fr
SAINT-AVIT-SAINT-NAZAIRE,33,stavit.stnazaire@wanadoo.fr
SAINT-BRICE,33,saintbrice.mairie@wanadoo.fr
SAINT-CAPRAIS-DE-BLAYE,33,mairie.stcaprais@orange.fr
SAINT-CAPRAIS-DE-BORDEAUX,33,saint.caprais.de.bordeaux@wanadoo.fr
SAINT-CHRISTOLY-DE-BLAYE,33,mairie@saint-christoly.fr 
SAINT-CHRISTOLY-MEDOC,33,mairie.de.stchristolymedoc@wanadoo.fr
SAINT-CHRISTOPHE-DE-DOUBLE,33,communedestchristophededouble@orange.fr
SAINT-CHRISTOPHE-DES-BARDES,33,mairie.de.saint.christophe.des.bardes@wanadoo.fr
SAINT-CIBARD,33,mairiesaintcibard@wanadoo.fr
SAINT-CIERS-D'ABZAC,33,mairiestciersdabzac@wanadoo.fr
SAINT-CIERS-DE-CANESSE,33,mairie-de-st-ciers-de-canesse@wanadoo.fr
SAINT-CIERS-SUR-GIRONDE,33,mairie@saint-ciers-sur-gironde.fr
SAINT-COME,33,mairie.saintcome@orange.fr
SAINT-DENIS-DE-PILE,33,lemaire@mairie-saintdenisdepile.fr
SAINTE-COLOMBE,33,colombe.mairie@wanadoo.fr
SAINTE-CROIX-DU-MONT,33,stecroixdumont.mairie@wanadoo.fr
SAINTE-EULALIE,33,mairie-st-eulalie@wanadoo.fr
SAINTE-FLORENCE,33,mairie-steflorence@wanadoo.fr
SAINTE-FOY-LA-GRANDE,33,mairie@saintefoylagrande.net
SAINTE-FOY-LA-LONGUE,33,mairiestefoylalongue@wanadoo.fr
SAINTE-GEMME,33,commune.sainte-gemme@wanadoo.fr
SAINTE-HELENE,33,mairie-sainte-helene@fr.oleane.com
SAINT-EMILION,33,accueil@ville-stemilion.fr
SAINTE-RADEGONDE,33,ste-radegonde.mairie@wanadoo.fr
SAINT-ESTEPHE,33,mairie@mairie-saint-estephe.fr
SAINTE-TERRE,33,mairie.sainteterre@wanadoo.fr
SAINT-ETIENNE-DE-LISSE,33,mairie.st.etienne.de.lisse@wanadoo.fr
SAINT-EXUPERY,33,saint.exupery2@wanadoo.fr
SAINT-FELIX-DE-FONCAUDE,33,mairiedestfelix@orange.fr
SAINT-FERME,33,saint-ferme.mairie@wanadoo.fr
SAINT-GENES-DE-BLAYE,33,mairiestgenesdebaye@cgt.net
SAINT-GENES-DE-CASTILLON,33,mairie.stgenescastillon@wanadoo.fr
SAINT-GENES-DE-FRONSAC,33,mairie.stgenes@orange.fr
SAINT-GENES-DE-LOMBAUD,33,genes-de-lombaud@wanadoo.fr
SAINT-GENIS-DU-BOIS,33,mairie.stgenisdubois@orange.fr
SAINT-GERMAIN-DE-GRAVE,33,mairie.stgermaindegrave@wanadoo.fr
SAINT-GERMAIN-DE-LA-RIVIERE,33,stgermaindelariviere@wanadoo.fr
SAINT-GERMAIN-D'ESTEUIL,33,mairie.st.germain.desteuil@wanadoo.fr
SAINT-GERMAIN-DU-PUCH,33,mairie.de.stgermain@wanadoo.fr
SAINT-GERVAIS,33,mairie.stgervais33@orange.fr
SAINT-GIRONS-D'AIGUEVIVES,33,mairie.st.girons@wanadoo.fr
SAINT-HILAIRE-DE-LA-NOAILLE,33,saint.hilaire.de.la.noaille@wanadoo.fr
SAINT-HILAIRE-DU-BOIS,33,mairie-sthilairedubois@wanadoo.fr
SAINT-HIPPOLYTE,33,mairiesthippolyte33@wanadoo.fr
SAINT-JEAN-DE-BLAIGNAC,33,mairie.saint-jeanblaignac@wanadoo.fr
SAINT-JEAN-D'ILLAC,33,contact@mairie-stjeandillac.fr
SAINT-JULIEN-BEYCHEVELLE,33,mairie.st.julien.beychevelle@wanadoo.fr
SAINT-LAURENT-D'ARCE,33,mairie.stlaurent.darce@wanadoo.fr
SAINT-LAURENT-DES-COMBES,33,mairie-de-st-laurent-des-combes@wanadoo.fr
SAINT-LAURENT-DU-BOIS,33,mairie.stlaurentdubois@orange.fr
SAINT-LAURENT-DU-PLAN,33,mairie.stlaurentduplan@orange.fr
SAINT-LAURENT-MEDOC,33,mairie@saintlaurentmedoc.fr
SAINT-LEGER-DE-BALSON,33,mairiestlegerdebalson@gmail.com
SAINT-LEON,33,mairie-st-leon@wanadoo.fr
SAINT-LOUBERT,33,mairie.saintloubert@wanadoo.fr
SAINT-LOUBES,33,mairie@saint-loubes.fr
SAINT-LOUIS-DE-MONTFERRAND,33,mairie-st-louis-montferrand@wanadoo.fr
SAINT-MACAIRE,33,contact@saintmacaire.fr
SAINT-MAGNE,33,mairie.saint.magne@wanadoo.fr
SAINT-MAGNE-DE-CASTILLON,33,saintmagnedecastillon@orange.fr
SAINT-MAIXANT,33,mairiedesaintmaixant@wanadoo.fr
SAINT-MARIENS,33,stmariens@wanadoo.fr
SAINT-MARTIAL,33,mairiedestmartial@wanadoo.fr
SAINT-MARTIN-DE-LAYE,33,mairie.stmartindelaye@wanadoo.fr
SAINT-MARTIN-DE-LERM,33,mairie-de-saint-martin-de-lern@wanadoo.fr
SAINT-MARTIN-DE-SESCAS,33,mairie.sescas@wanadoo.fr
SAINT-MARTIN-DU-BOIS,33,mairie-stmartin-bois@wanadoo.fr
SAINT-MARTIN-DU-PUY,33,mairiestmartindupuy@wanadoo.fr
SAINT-MARTIN-LACAUSSADE,33,mairie.st.martin.lacaussade@wanadoo.fr
SAINT-MEDARD-DE-GUIZIERES,33,mairie.stmedarddeguizieres@wanadoo.fr
SAINT-MEDARD-D'EYRANS,33,contact@saint-medard-deyrans.fr
SAINT-MEDARD-EN-JALLES,33,communication@saint-medard-en-jalles.fr
SAINT-MICHEL-DE-CASTELNAU,33,mairie.stmicheldecastelnau@wanadoo.fr
SAINT-MICHEL-DE-FRONSAC,33,mairie.st-michel-fronsac@wanadoo.fr
SAINT-MICHEL-DE-LAPUJADE,33,saint.michel.de.lapujade@wanadoo.fr
SAINT-MICHEL-DE-RIEUFRET,33,mairie.smrieufret@wanadoo.fr
SAINT-MORILLON,33,mairie.saint-morillon@wanadoo.fr
SAINT-PALAIS,33,mairie.st.palais33@wanadoo.fr
SAINT-PARDON-DE-CONQUES,33,mairie.stpardondeconques@wanadoo.fr
SAINT-PAUL,33,saint.paul33@wanadoo.fr
SAINT-PEY-D'ARMENS,33,mairie-de-st-pey-d-armens@wanadoo.fr
SAINT-PEY-DE-CASTETS,33,mairiestpeydecastets@wanadoo.fr
SAINT-PHILIPPE-D'AIGUILLE,33,saintphilippedaiguilhe@orange.fr
SAINT-PHILIPPE-DU-SEIGNAL,33,mairie.st.philippe.de.seignal@wanadoo.fr
SAINT-PIERRE-D'AURILLAC,33,commune-de-st-pierre-daurillac@wanadoo.fr
SAINT-PIERRE-DE-BAT,33,mairie.st.pierre.de.bat@wanadoo.fr
SAINT-PIERRE-DE-MONS,33,mairie-stpierredemons@wanadoo.fr
SAINT-QUENTIN-DE-BARON,33,mairie.sqdb2@wanadoo.fr
SAINT-QUENTIN-DE-CAPLONG,33,m.mairie7@aliceadsl.fr
SAINT-ROMAIN-LA-VIRVEE,33,mairiestromainlavirvee@wanadoo.fr
SAINT-SAUVEUR,33,saint-sauveur-medoc@wanadoo.fr
SAINT-SAUVEUR-DE-PUYNORMAND,33,mairiesaintsauveurdepuynormand@wanadoo.fr
SAINT-SAVIN,33,mairie-saint-savin@wanadoo.fr
SAINT-SELVE,33,adm@mairie-saintselve.fr
SAINT-SEURIN-DE-BOURG,33,mairie.stseurindebourg@wanadoo.fr
SAINT-SEURIN-DE-CADOURNE,33,mairiesaintseurincadourne@orange.fr
SAINT-SEURIN-DE-CURSAC,33,mairie-st-seurin-de-cursac@wanadoo.fr
SAINT-SEURIN-SUR-L'ISLE,33,mairie@stseurinsurlisle.com
SAINT-SEVE,33,saint-seve@wanadoo.fr
SAINT-SULPICE-DE-FALEYRENS,33,mairie.faleyrens@wanadoo.fr
SAINT-SULPICE-DE-GUILLERAGUES,33,msaintsulpice@wanadoo.fr
SAINT-SULPICE-DE-POMMIERS,33,mairie-st-sulpice-de-pommiers@wanadoo.fr
SAINT-SULPICE-ET-CAMEYRAC,33,mairiesaintsulpiceetcameyrac@wanadoo.fr
SAINT-SYMPHORIEN,33,commune.de.saint-symphorien@wanadoo.fr
SAINT-TROJAN,33,mairiest-trojan2@wanadoo.fr
SAINT-VINCENT-DE-PAUL,33,mairie.svp33@wanadoo.fr
SAINT-VINCENT-DE-PERTIGNAS,33,stvincentdepertignas.mairie@wanadoo.fr
SAINT-VIVIEN-DE-BLAYE,33,mairiesaintviviendeblaye@orange.fr
SAINT-VIVIEN-DE-MEDOC,33,mairiestviviendemedoc@wanadoo.fr
SAINT-VIVIEN-DE-MONSEGUR,33,saint-vivien-de-monsegur@wanadoo.fr
SAINT-YZAN-DE-SOUDIAC,33,commune-st.yzan.de.soudiac@orange.fr
SAINT-YZANS-DE-MEDOC,33,mairie.yzans@wanadoo.fr
SALAUNES,33,salaunes.mairie@wanadoo.fr
SALIGNAC,33,mairie-salignac@wanadoo.fr
SALLEBOEUF,33,mairiedesalleboeuf@wanadoo.fr
SALLES,33,mairie.de.salles@wanadoo.fr
SAMONAC,33,mairie.samonac@wanadoo.fr
SAUCATS,33,mairie-saucats@wanadoo.fr
SAUGON,33,mairie.saugon@wanadoo.fr
SAUMOS,33,mairie.saumos@orange.fr
SAUTERNES,33,mairie@sauternes.com
SAUVETERRE-DE-GUYENNE,33,sauveterre.mairie@wanadoo.fr
SAUVIAC,33,mairie-de-sauviac@wanadoo.fr
SAVIGNAC,33,savignac3@wanadoo.fr
SAVIGNAC-DE-L'ISLE,33,mairie-de-savignac@wanadoo.fr
SEMENS,33,mairie.semens@wanadoo.fr
SENDETS,33,mairie.sendets33@wanadoo.fr
SIGALENS,33,mairie.sigalens@wanadoo.fr
SILLAS,33,mairiedesillas@wanadoo.fr
SOULAC-SUR-MER,33,contact@mairie-soulac.fr
SOULIGNAC,33,mairie.soulignac@wanadoo.fr
SOUSSAC,33,soussac@wanadoo.fr
SOUSSANS,33,mairie.soussans33@wanadoo.fr
TABANAC,33,mairie.tabanac@wanadoo.fr
TAILLECAVAT,33,taillecavat@orange.fr
TALAIS,33,mairietalais@wanadoo.fr
TALENCE,33,pcarbo@talence.fr
TARGON,33,mairie.targon@wanadoo.fr
TARNES,33,mairietarnes@wanadoo.fr
TAURIAC,33,mairiedetauriac2@wanadoo.fr
TAYAC,33,mairiedetayac@orange.fr
TEUILLAC,33,mairieteuillac@fr.fm
TIZAC-DE-CURTON,33,mairie.tizac.de.curton@wanadoo.fr
TIZAC-DE-LAPOUYADE,33,mairie.tizac.de.lapouyade@wanadoo.fr
TOULENNE,33,mairie.toulenne@wanadoo.fr
TRESSES,33,webmaster@tresses.org
UZESTE,33,mairie-uzeste@wanadoo.fr
VALEYRAC,33,VALEYRAC@wanadoo.fr
VAYRES,33,postmaster@mairie-vayres.fr
VENDAYS-MONTALIVET,33,mairie@vendaysmontalivet.com
VENSAC,33,mairiedevensac@vensac-medoc.com
VERAC,33,mairiedeverac@wanadoo.fr
VERDELAIS,33,mairie-de-verdelais@wanadoo.fr
VERTHEUIL,33,communedevertheuil@orange.fr
VIGNONET,33,mairie.vignonet@wanadoo.fr
VILLANDRAUT,33,mairiedevillandraut@wanadoo.fr
VILLEGOUGE,33,mairie.villegouge@wanadoo.fr
VILLENAVE-DE-RIONS,33,mairie.villenavederions@cc-artolie.fr
VILLENAVE-D'ORNON,33,communication@mairie-villenavedornon.fr
VILLENEUVE,33,mairie.villeneuve33@wanadoo.fr
VIRELADE,33,mairie.virelade@wanadoo.fr
VIRSAC,33,mairie.virsac@wanadoo.fr
YVRAC,33,yvrac.mairie@wanadoo.fr
ABANCOURT,59,mairieabancourt@wanadoo.fr
ABSCON,59,abscon.mairie@wanadoo.fr
AIBES,59,mairie.aibes@wanadoo.fr
AIX,59,""
ALLENNES-LES-MARAIS,59,mairie-allennes-les-marais@wanadoo.fr
AMFROIPRET,59,mairie.amfroipret@wanadoo.fr
ANHIERS,59,communedeanhiers@wanadoo.fr
ANICHE,59,mairie.aniche@wanadoo.fr
ANNEUX,59,mairie.anneux@wanadoo.fr
ANNOEULLIN,59,monique.tredez@ville-annoeullin.fr
ANOR,59,contact-mairie@anor.fr
ANSTAING,59,mairie.anstaing@wanadoo.fr
ANZIN,59,cada@ville-anzin.fr
ARLEUX,59,mairie@arleux.com
ARMBOUTS-CAPPEL,59,mairie.armbouts-cappel@wanadoo.fr
ARMENTIERES,59,webmestre@ville-armentieres.fr
ARNEKE,59,mairie.arneke@wanadoo.fr
ARTRES,59,mairie.artres@wanadoo.fr
ASSEVENT,59,secretariat-assevent@fr.oleane.com
ATTICHES,59,mairie.attiches@wanadoo.fr
AUBENCHEUL-AU-BAC,59,mairie-aubencheul@wanadoo.fr
AUBERCHICOURT,59,mairie.auberchicourt@wanadoo.fr
AUBERS,59,aubers.mairie@wanadoo.fr
AUBIGNY-AU-BAC,59,mairie.aubigny.au.bac@wanadoo.fr
AUBRY-DU-HAINAUT,59,mairie.aubryduhainaut@wanadoo.fr
AUBY,59,mairie.auby@fr.oleane.com
AUCHY-LEZ-ORCHIES,59,mairie.auchy@orange.fr
AUDIGNIES,59,audignies.mairie@wanadoo.fr
AULNOYE-AYMERIES,59,""
AULNOY-LEZ-VALENCIENNES,59,mairie.aulnoy.lez.valenciennes@wanadoo.fr
AVELIN,59,mairie@mairie-avelin.fr
AVESNELLES,59,mairie.avesnelles@wanadoo.fr
AVESNES-LES-AUBERT,59,mairie.avesneslesaubert@laposte.net
AVESNES-LE-SEC,59,mairie.avls@orange.fr
AVESNES-SUR-HELPE,59,info@avesnes-sur-helpe.com
AWOINGT,59,mairieawoingt@orange.fr
BACHANT,59,b.detalle@mairie-bachant.fr
BACHY,59,mairie.bachy@wanadoo.fr
BAILLEUL,59,mairie@ville-bailleul.fr
BAISIEUX,59,mairiedebaisieux@wanadoo.fr
BAIVES,59,mairie.debaives@wanadoo.fr
BAMBECQUE,59,mairie-bambecque@wanadoo.fr
BANTEUX,59,mairie-de-banteux@wanadoo.fr
BANTIGNY,59,mairie.bantigny@wanadoo.fr
BANTOUZELLE,59,mairiedebantouzelle@wanadoo.fr
BAS-LIEU,59,mairie.bas-lieu@wanadoo.fr
BAUVIN,59,secretariat@villedebauvin.fr
BAVAY,59,mairie.bavay@wanadoo.fr
BAVINCHOVE,59,mairie.bavinchove@wanadoo.fr
BAZUEL,59,mairie@mairiedebazuel.cegeteldsl.com
BEAUCAMPS-LIGNY,59,mairie.beaucamps.ligny@wanadoo.fr
BEAUDIGNIES,59,mairiedebeaudignies@orange.fr
BEAUFORT,59,mairie.beaufort@wanadoo.fr
BEAUMONT-EN-CAMBRESIS,59,mairie-beaumont-cis@wanadoo.fr
BEAURAIN,59,mairie-beaurain@wanadoo.fr
BEAUREPAIRE-SUR-SAMBRE,59,mairie-de-beaurepaire-sur-sambr@wanadoo.fr
BEAURIEUX,59,mairiedebeaurieux@wanadoo.fr
BEAUVOIS-EN-CAMBRESIS,59,laurent.mairiedebeauvois@wanadoo.fr
BELLAING,59,mairie.bellaing@wanadoo.fr
BELLIGNIES,59,mairie.bellignies@wanadoo.fr
BERELLES,59,mairie.berelles@wanadoo.fr
BERGUES,59,ville@bergues.fr
BERLAIMONT,59,mairie.berlaimont@wanadoo.fr
BERMERAIN,59,mairiedebermerain@wanadoo.fr
BERMERIES,59,mairie-bermeries@wanadoo.fr
BERSEE,59,mairie@bersee.fr
BERSILLIES,59,mairie.bersillies@wanadoo.fr
BERTHEN,59,mairiedeberthen@wanadoo.fr
BERTRY,59,mairiedebertry@wanadoo.fr
BETHENCOURT,59,mairie.bethencourt59@orange.fr
BETTIGNIES,59,mairie-de-bettignies@wanadoo.fr
BETTRECHIES,59,communedebettrechies@orange.fr
BEUGNIES,59,mairie.beugnies@wanadoo.fr
BEUVRAGES,59,ville-de-beuvrages@wanadoo.fr
BEUVRY-LA-FORET,59,mairiebeuvrylaforet@orange.fr
BEVILLERS,59,mairie.bevillers@wanadoo.fr
BIERNE,59,mairiedebierne@wanadoo.fr
BISSEZEELE,59,commune.de.bissezeele@wanadoo.fr
BLARINGHEM,59,mairieblaringhem59173@wanadoo.fr
BLECOURT,59,mairie.blecourt@wanadoo.fr
BOESCHEPE,59,mairie.boeschepe@wanadoo.fr
BOESEGHEM,59,mairie-boeseghem@wanadoo.fr
BOIS-GRENIER,59,mairie.bois.grenier@wanadoo.fr
BOLLEZEELE,59,m-jose.dubreucq@wanadoo.fr
BONDUES,59,mbondues@mairie-bondues.fr
BORRE,59,mairie0@laposte.net
BOUCHAIN,59,mairie.bouchain@wanadoo.fr
BOULOGNE-SUR-HELPE,59,mairie.boulognesurhelpe@wanadoo.fr
BOURBOURG,59,communication@mairie-bourbourg.fr
BOURGHELLES,59,mairie.bourghelles@wanadoo.fr
BOURSIES,59,mairie.boursies@orange.fr
BOUSBECQUE,59,bousbecque.mairie@wanadoo.fr
BOUSIES,59,mairiedebousies@wanadoo.fr
BOUSIGNIES,59,mairie.bousignies@wanadoo.fr
BOUSIGNIES-SUR-ROC,59,bousignies-sur-roc.mairie@wanadoo.fr
BOUSSIERES-EN-CAMBRESIS,59,m.lemaire.boussieres@wanadoo.fr
BOUSSIERES-SUR-SAMBRE,59,mairie.boussieres-sambre@wanadoo.fr
BOUSSOIS,59,mairie@boussois.fr
BOUVIGNIES,59,mairie.bouvignies@wanadoo.fr
BOUVINES,59,mairie.bouvines@gmail.com
BRAY-DUNES,59,webmaster@ville-bray-dunes.com
BRIASTRE,59,mairiedebriastre@wanadoo.fr
BRILLON,59,mairiebrillon@wanadoo.fr
BROUCKERQUE,59,mairie-brouckerque@wanadoo.fr
BROXEELE,59,mairie.broxeele@wanadoo.fr
BRUAY-SUR-L'ESCAUT,59,dgsdanhiez@bruaysurescaut.fr
BRUILLE-LEZ-MARCHIENNES,59,m.bruillemarch@wanadoo.fr
BRUILLE-SAINT-AMAND,59,mairie.bruillesaintamand@wanadoo.fr
BRUNEMONT,59,mairie-brunemont@wanadoo.fr
BRY,59,mairie.bry@wanadoo.fr
BUGNICOURT,59,mairie.de.bugnicourt@wanadoo.fr
BUSIGNY,59,busigny.mairie@wanadoo.fr
BUYSSCHEURE,59,mairie.buysscheure@wanadoo.fr
CAESTRE,59,caestre.en.flandre@nordnet.fr
CAGNONCLES,59,mairie.cagnoncles@wanadoo.fr
CAMBRAI,59,mairie@villedecambrai.com
CAMPHIN-EN-CAREMBAULT,59,mairie-carembault@wanadoo.fr
CAMPHIN-EN-PEVELE,59,contact@camphin-en-pevele.fr
CANTAING-SUR-ESCAUT,59,mairie.cantaing@wanadoo.fr
CANTIN,59,mairie-cantin@wanadoo.fr
CAPELLE,59,commune.capellesurecaillon@wanadoo.fr
CAPINGHEM,59,capmair@aol.com
CAPPELLE-BROUCK,59,mairie.cappellebrouck@wanadoo.fr
CAPPELLE-EN-PEVELE,59,mairie.cappelle@laposte.net
CAPPELLE-LA-GRANDE,59,secretariat@mairie-cappelle-la-grande.fr
CARNIERES,59,mairie.carnieres@wanadoo.fr
CARNIN,59,communedecarnin@nordnet.fr
CARTIGNIES,59,mairie.cartignies@wanadoo.fr
CASSEL,59,mairie-cassel@nordnet.fr
CATILLON-SUR-SAMBRE,59,mairie-catillon-sur-sambre@wanadoo.fr
CATTENIERES,59,ville.cattenieres@wanadoo.fr
CAUDRY,59,secretariat@mairie.caudry.fr
CAULLERY,59,mairie-de-caullery@wanadoo.fr
CAUROIR,59,mairie.cauroir@wanadoo.fr
CERFONTAINE,59,mairie.cerfontaine@wanadoo.fr
CHATEAU-L'ABBAYE,59,ville.chateau.labbaye.fr@wanadoo.fr
CHEMY,59,mairie@chemy.fr
CHERENG,59,mairie.chereng@wanadoo.fr
CHOISIES,59,mairie.choisies@orange.fr
CLAIRFAYTS,59,mairie-de-clairfayts@wanadoo.fr
CLARY,59,mairiedeclary@orange.fr
COBRIEUX,59,christel.duborper@wanadoo.fr
COLLERET,59,mairie.colleret@wanadoo.fr
COMINES,59,cloridan@ville-comines.fr
CONDE-SUR-L'ESCAUT,59,cabinetmonsieurlemaire@mairie-conde-s-escaut.fr
COUDEKERQUE-BRANCHE,59,maire@ville-coudekerque-branche.fr
COUDEKERQUE-VILLAGE,59,mairie-coudekerque-village@wanadoo.fr
COURCHELETTES,59,mairie.courchelettes@wanadoo.fr
COUSOLRE,59,mairie.cousolre@wanadoo.fr
COUTICHES,59,mairiedecoutiches@wanadoo.fr
CRAYWICK,59,mairie.craywick@wanadoo.fr
CRESPIN,59,mairie.crespin@wanadoo.fr
CREVECOEUR-SUR-L'ESCAUT,59,mairie.crevecoeursurescaut@orange.fr
CROCHTE,59,mairie.crochte@wanadoo.fr
CROIX,59,mairie@ville-croix.fr
CROIX-CALUYAU,59,mairie.croix-caluyau@wanadoo.fr
CUINCY,59,administration@ville-cuincy.fr
CURGIES,59,mairie.curgies@orange.fr
CUVILLERS,59,mairie.cuvillers@wanadoo.fr
CYSOING,59,dgs@ville-cysoing.com
DAMOUSIES,59,mairie.damousies@orange.fr
DECHY,59,mairie.dechy@wanadoo.fr
DEHERIES,59,mairie-deheries@wanadoo.fr
DENAIN,59,contact@ville-denain.fr
DEULEMONT,59,mairie.deulemont@wanadoo.fr
DIMECHAUX,59,mairie.dimechaux@orange.fr
DIMONT,59,mairie.dimont@wanadoo.fr
DOIGNIES,59,mairie.doignies@orange.fr
DOMPIERRE-SUR-HELPE,59,mairie.dompierre.sur.helpe@wanadoo.fr
DON,59,mairie@villededon.fr
DOUAI,59,contact@ville-douai.fr
DOUCHY-LES-MINES,59,""
DOURLERS,59,mairie.dourlers@wanadoo.fr
DRINCHAM,59,mairiedrincham@wanadoo.fr
DUNKERQUE,59,mairiededunkerque@ville-dunkerque.fr
EBBLINGHEM,59,mairie.ebblinghem@wanadoo.fr
ECAILLON,59,mairie.decaillon@wanadoo.fr
ECCLES,59,mairie.eccles@wanadoo.fr
ECLAIBES,59,mairie.eclaibes@orange.fr
ECUELIN,59,mairieecuelin@cegetel.net
EECKE,59,mairie.eecke@wanadoo.fr
ELESMES,59,mairie.elesmes@wanadoo.fr
ELINCOURT,59,mairie-delincourt@wanadoo.fr
EMERCHICOURT,59,mairie-emerchicourt@wanadoo.fr
EMMERIN,59,contact@ville-emmerin.fr
ENGLEFONTAINE,59,mairie-englefontaine@wanadoo.fr
ENGLOS,59,englos.mairie@wanadoo.fr
ENNETIERES-EN-WEPPES,59,mairie.ennetieres.w@wanadoo.fr
ENNEVELIN,59,mairiedennevelin@wanadoo.fr
EPPE-SAUVAGE,59,mairie.eppesauvage@wanadoo.fr
ERCHIN,59,mairie.erchin@wanadoo.fr
ERINGHEM,59,eringhem@wanadoo.fr
ERQUINGHEM-LE-SEC,59,mairie-erquinghemlesec@wanadoo.fr
ERQUINGHEM-LYS,59,contact@ville-erquinghem-lys.fr
ERRE,59,mairie.erre1@cegetel.net
ESCARMAIN,59,mairie.escarmain@wanadoo.fr
ESCAUDAIN,59,mairie@ville-escaudain.com
ESCAUDOEUVRES,59,hoteldeville@escaudoeuvres.fr
ESCAUTPONT,59,escautpont@fr.st
ESCOBECQUES,59,mairie.escobecques@wanadoo.fr
ESNES,59,mairie-desnes@wanadoo.fr
ESQUELBECQ,59,mairie.esquelbecq@wanadoo.fr
ESQUERCHIN,59,mairie-esquerchin@wanadoo.fr
ESTAIRES,59,dg@mairie-estaires.fr
ESTOURMEL,59,estourmel.mairie@wanadoo.fr
ESTREES,59,mairie-estrees@wanadoo.fr
ESTREUX,59,mairie-estreux@wanadoo.fr
ESTRUN,59,mairie.estrun@orange.fr
ESWARS,59,mairieeswars@wanadoo.fr
ETH,59,mairie.eth@wanadoo.fr
ETROEUNGT,59,commune.etroeungt@wanadoo.fr
FACHES-THUMESNIL,59,nlebas@ville-fachesthumesnil.fr
FAMARS,59,mairiedefamars@wanadoo.fr
FAUMONT,59,communefaumont@wanadoo.fr
FECHAIN,59,mairiedefechain@nordnet.fr
FEIGNIES,59,mairie@ville-feignies.fr
FELLERIES,59,mairie.felleries@wanadoo.fr
FENAIN,59,communication@ville-fenain.fr
FERIN,59,m.mariel.mairie-de-ferin@wanadoo.fr
FERON,59,mairiedeferon@wanadoo.fr
FERRIERE-LA-GRANDE,59,mairie@ferrierelagrande.fr  
FERRIERE-LA-PETITE,59,mairie.ferriere-la-petite@wanadoo.fr
FLAUMONT-WAUDRECHIES,59,""
FLERS-EN-ESCREBIEUX,59,service.secretariat@ville-flers-en-escrebieux.fr
FLESQUIERES,59,mairie-de-flesquieres@wanadoo.fr
FLETRE,59,fletre@free.fr
FLINES-LEZ-MORTAGNE,59,mairieflineslezmortagne@wanadoo.fr
FLINES-LEZ-RACHES,59,administration@mairie-flineslesraches.com
FLOURSIES,59,mairie.floursies@wanadoo.fr
FLOYON,59,commune.floyon@wanadoo.fr
FONTAINE-AU-BOIS,59,mairie.fontaineaubois@orange.fr
FONTAINE-AU-PIRE,59,fontaineaupire.mairie@wanadoo.fr
FONTAINE-NOTRE-DAME,59,mairie.fnd@wanadoo.fr
FOREST-EN-CAMBRESIS,59,mairie@forest-cis.fr
FOREST-SUR-MARQUE,59,forestsurmarque@wanadoo.fr
FORT-MARDYCK,59,mairie@fort-mardyck.fr
FOURMIES,59,contact@mairie-fourmies.fr
FOURNES-EN-WEPPES,59,mairie.fournes@wanadoo.fr
FRASNOY,59,""
FRELINGHIEN,59,mairie.frelinghien@wanadoo.fr
FRESNES-SUR-ESCAUT,59,mairie.de.fresnes.sur.escaut@wanadoo.fr
FRESSAIN,59,""
FRESSIES,59,mairie.fressies@orange.fr
FRETIN,59,mairie.secretariat@ville-fretin.fr
FROMELLES,59,fromelles@wanadoo.fr
GENECH,59,mairie-genech@wanadoo.fr
GHISSIGNIES,59,mairie@ghissignies.com
GHYVELDE,59,mairieghyvelde@wanadoo.fr
GLAGEON,59,mairie.glageon@wanadoo.fr
GODEWAERSVELDE,59,mairie.godewaersvelde@wanadoo.fr
GOEULZIN,59,mairie.goeulzin@wanadoo.fr
GOGNIES-CHAUSSEE,59,mairie.gognies@wanadoo.fr
GOMMEGNIES,59,mairie.gommegnies@wanadoo.fr
GONDECOURT,59,mairie@gondecourt.fr
GONNELIEU,59,mairie.gonnelieu@wanadoo.fr
GOUZEAUCOURT,59,mairie.gouzeau@wanadoo.fr
GRANDE-SYNTHE,59,m.le.maire@ville-grande-synthe.fr
GRAND-FAYT,59,mairie-g-fayt@wanadoo.fr
GRAND-FORT-PHILIPPE,59,villedegrandfortphilippe@yahoo.fr
GRAVELINES,59,villedegravelines@ville-gravelines.fr
GRUSON,59,mairie.gruson@wanadoo.fr
GUESNAIN,59,mairie-guesnain@wanadoo.fr
GUSSIGNIES,59,mairie-de-gussignies@proximedia.fr
HALLENNES-LEZ-HAUBOURDIN,59,""
HALLUIN,59,contact@ville-halluin.fr
HAMEL,59,mairie.hamel@wanadoo.fr
HANTAY,59,mairie.hantay@wanadoo.fr
HARDIFORT,59,mairie.hardifort@wanadoo.fr
HARGNIES,59,mairie.hargnies@wanadoo.fr
HASNON,59,sg@mairie-hasnon.fr
HASPRES,59,ville.haspres@wanadoo.fr
HAUBOURDIN,59,mairie@haubourdin.fr
HAUCOURT-EN-CAMBRESIS,59,mairie.haucourtcis@orange.fr
HAULCHIN,59,mairie@haulchin.fr
HAUSSY,59,haussy.mairie@wanadoo.fr
HAUT-LIEU,59,mairie.haut-lieu@wanadoo.fr
HAUTMONT,59,mairie@mairie-hautmont.fr
HAVELUY,59,mairie@haveluy.fr
HAVERSKERQUE,59,mairie-haverskerque@wanadoo.fr
HAYNECOURT,59,mairiehaynecourt@wanadoo.fr
HAZEBROUCK,59,contact@ville-hazebrouck.fr
HECQ,59,mairie.hecq@orange.fr
HELESMES,59,mairie-helesmes@wanadoo.fr
HEM,59,contact@ville-hem.fr
HEM-LENGLET,59,""
HERGNIES,59,mairie.hergnies@wanadoo.fr
HERIN,59,contact@ville-herin.fr
HERLIES,59,mairie-herlies@wanadoo.fr
HERRIN,59,mairie.herrin@wanadoo.fr
HERZEELE,59,m.herzeele@nordnet.fr
HESTRUD,59,hestrud@wanadoo.fr
HOLQUE,59,mairie.holque@wanadoo.fr
HONDEGHEM,59,mairie.hondeghem@voila.fr
HONDSCHOOTE,59,ville.hondschoote@wanadoo.fr
HON-HERGIES,59,mairie.hon@wanadoo.fr
HONNECHY,59,mairie.honnechy@wanadoo.fr
HONNECOURT-SUR-ESCAUT,59,mairiehonnecourtsurescaut@wanadoo.fr
HORDAIN,59,mairie.hordain@wanadoo.fr
HORNAING,59,mairie.hornaing@wanadoo.fr
HOUDAIN-LEZ-BAVAY,59,mairie.houdain.lez.bavay@wanadoo.fr
HOUPLIN-ANCOISNE,59,n.beugin@mairie-houplin-ancoisme.fr
HOUPLINES,59,mairie.houplines@wanadoo.fr
HOUTKERQUE,59,mairiehoutkerque@orange.fr
HOYMILLE,59,mairie.hoymille@wanadoo.fr
ILLIES,59,mairieillies@wanadoo.fr
INCHY,59,mairie-inchy59@wanadoo.fr
IWUY,59,mairie-iwuy@wanadoo.fr
JENLAIN,59,jenlain.mairie@wanadoo.fr
JEUMONT,59,communication@mairie-jeumont.fr
JOLIMETZ,59,commune-jolimetz@orange.fr
KILLEM,59,mairie.de.killem@wanadoo.fr
LA-BASSEE,59,ville.la.bassee@wanadoo.fr
LA-CHAPELLE-D'ARMENTIERES,59,mairie@ville-la-chapelle-d-armentieres.fr
LA-FLAMENGRIE,59,nord.la-flamengrie@wanadoo.fr
LA-GORGUE,59,contact@ville-lagorgue.fr
LA-GROISE,59,mairie.la.groise@wanadoo.fr
LALLAING,59,contact@lallaing.com
LA-LONGUEVILLE,59,mairie.lalongueville@wanadoo.fr
LA-MADELEINE,59,mairie@ville-lamadeleine.fr
LAMBERSART,59,mairie@ville-lambersart.fr
LAMBRES-LEZ-DOUAI,59,mairie-lambres-lez-douai@wanadoo.fr
LANDAS,59,commune-de-landas@wanadoo.fr
LANDRECIES,59,maire@landrecies.fr
LA-NEUVILLE,59,laneuville.mairie@orange.fr
LANNOY,59,mairie@ville-lannoy.fr
LAROUILLIES,59,mairie.larouillies@wanadoo.fr
LA-SENTINELLE,59,mairie.la-sentinelle@wanadoo.fr
LAUWIN-PLANQUE,59,mairie.lauwinplanque@wanadoo.fr
LE-CATEAU-CAMBRESIS,59,mairie@lecateau.fr
LECELLES,59,mairie.lecelles@wanadoo.fr
LECLUSE,59,mairielecluse@wanadoo.fr
LEDERZEELE,59,mairie.lederzeele@wanadoo.fr
LE-DOULIEU,59,mairie.doulieu@wanadoo.fr
LEDRINGHEM,59,commune.ledringhem@wanadoo.fr
LEERS,59,contact@mairie-leers.fr
LE-FAVRIL,59,communelefavril@orange.fr
LEFFRINCKOUCKE,59,mairie@ville-leffrinckoucke.fr
LE-MAISNIL,59,mairiedelemaisnil@wanadoo.fr
LE-QUESNOY,59,lequesnoyvilleforte@nordnet.fr
LESDAIN,59,mairie.lesdain@wanadoo.fr
LES-MOERES,59,mairie-les-moeres@wanadoo.fr
LESQUIN,59,mairie@ville-lesquin.fr
LES-RUES-DES-VIGNES,59,mairie.ruedesvignes@wanadoo.fr
LEVAL,59,mairedeleval@wanadoo.fr
LEWARDE,59,mairie-de-lewarde@wanadoo.fr
LEZENNES,59,mairie@lezennes.com
LEZ-FONTAINE,59,mairielezfontaine@wanadoo.fr
LIESSIES,59,mairieliessies@wanadoo.fr
LIEU-SAINT-AMAND,59,lieustamand-adsl@nordnet.fr
LIGNY-EN-CAMBRESIS,59,mairie.brulant@wanadoo.fr
LILLE,59,contactmairie@mairie-lille.fr
LIMONT-FONTAINE,59,jmonte@ifrance.com
LINSELLES,59,contact@ville-linselles.com
LOCQUIGNOL,59,mairie-locquignol@nordnet.fr
LOFFRE,59,mairiedeloffre@wanadoo.fr
LOMPRET,59,francoise.lagache@numericable.fr
LOOBERGHE,59,mairie-looberghe@wanadoo.fr
LOON-PLAGE,59,mairie@loonplage.org
LOOS,59,jmdecrock@ville-loos.fr
LOURCHES,59,mairie-lourches@wanadoo.fr
LOUVIGNIES-QUESNOY,59,mairie.louvigniesquesnoy@wanadoo.fr
LOUVIL,59,mairie.louvil@wanadoo.fr
LOUVROIL,59,mairie@louvroil.fr
LYNDE,59,communedelynde@wanadoo.fr
LYS-LEZ-LANNOY,59,communication@mairie-lyslezlannoy.com
MAING,59,mairie@maing.fr
MAIRIEUX,59,mairie.mairieux@orange.fr
MALINCOURT,59,mairie-de-malincourt@wanadoo.fr
MARBAIX,59,mairie.marbaix@wanadoo.fr
MARCHIENNES,59,secretariat@ville-marchiennes.fr
MARCOING,59,mairiedemarcoing@wanadoo.fr
MARCQ-EN-BAROEUL,59,accueil@marcq-en-baroeul.fr
MARCQ-EN-OSTREVENT,59,mairie-marcq-en-ostrevent@wanadoo.fr
MARESCHES,59,mairiedemaresches@nordnet.fr
MARETZ,59,mairie.maretz@wanadoo.fr
MARLY,59,mairie-marly@wanadoo.fr
MAROILLES,59,maroilles.commune@orange.fr
MARPENT,59,marpent@wanadoo.fr
MARQUETTE-EN-OSTREVANT,59,mair.marq@wanadoo.fr
MARQUETTE-LEZ-LILLE,59,phccab@hotmail.com
MARQUILLIES,59,mairiemarquillies@nordnet.fr
MASNIERES,59,mairie-masnieres@wanadoo.fr
MASNY,59,mairie.masny@wanadoo.fr
MASTAING,59,mairie.mastaing@wanadoo.fr
MAUBEUGE,59,SSI@ville-maubeuge.fr
MAULDE,59,mairie.maulde@wanadoo.fr
MAUROIS,59,mairiemaurois@wanadoo.fr
MAZINGHIEN,59,mairie.mazinghien@wanadoo.fr
MECQUIGNIES,59,""
MERCKEGHEM,59,mairie-merckeghem@nordnet.fr
MERIGNIES,59,merignies.mairie@wanadoo.fr
MERRIS,59,commune-de-merris@wanadoo.fr
MERVILLE,59,contact@ville-merville.fr
METEREN,59,beatrice.descamps@caramail.com
MILLAM,59,mairie.millam@wanadoo.fr
MILLONFOSSE,59,millonfosse.mairie@wanadoo.fr
MOEUVRES,59,moeuvres@wanadoo.fr
MONCEAU-SAINT-WAAST,59,mairie.monceau.st.waast@wanadoo.fr
MONCHAUX-SUR-ECAILLON,59,monchaux.mairie@wanadoo.fr
MONCHEAUX,59,mairiedemoncheaux@cegetel.net
MONCHECOURT,59,""
MONS-EN-BAROEUL,59,mairie@ville-mons-en-baroeul.fr
MONS-EN-PEVELE,59,contact@mairie-monsenpevele.fr
MONTAY,59,""
MONTIGNY-EN-CAMBRESIS,59,mairie.montigny-en-cis@wanadoo.fr
MONTIGNY-EN-OSTREVENT,59,accueil@mairie-montigny59182.fr
MONTRECOURT,59,mairie-montrecourt@wanadoo.fr
MORBECQUE,59,mairie.morbecque@wanadoo.fr
MORTAGNE-DU-NORD,59,mairie-de-mortagne-du-nord@wanadoo.fr
MOUCHIN,59,mairie-mouchin@orange.fr
MOUSTIER-EN-FAGNE,59,mairie.moustierfagne@wanadoo.fr
MOUVAUX,59,jl.tempelaere@mouvaux.fr
NAVES,59,naves59.mairie@wanadoo.fr
NEUF-BERQUIN,59,mairie-neuf-berquin@wanadoo.fr
NEUF-MESNIL,59,mairie.neufmesnil@wanadoo.fr
NEUVILLE-EN-AVESNOIS,59,mairie.de.neuville.en.avesnois@wanadoo.fr
NEUVILLE-EN-FERRAIN,59,contact@neuville-en-ferrain.fr
NEUVILLE-SAINT-REMY,59,accueil@mairie-neuville-st-remy.fr
NEUVILLE-SUR-ESCAUT,59,mairie.neuville.sur.escaut@wanadoo.fr
NEUVILLY,59,mairie.neuvilly@wanadoo.fr
NIEPPE,59,cabmaire@ville-nieppe.fr
NIERGNIES,59,mairie-niergnies@wanadoo.fr
NIEURLET,59,mairiedenieurlet@wanadoo.fr
NIVELLE,59,mairie.nivelle@wanadoo.fr
NOMAIN,59,mairie.nomain@wanadoo.fr
NOORDPEENE,59,mairie-noordpeene@wanadoo.fr
NOYELLES-LES-SECLIN,59,mairie-noyelles-les-seclin@wanadoo.fr
NOYELLES-SUR-ESCAUT,59,mairie.n-s-e@wanadoo.fr
NOYELLES-SUR-SAMBRE,59,mairie.noyelles.sambre@wanadoo.fr
NOYELLES-SUR-SELLE,59,mairie-noyelles-sur-selle@wanadoo.fr
OBIES,59,mairie.obies@wanadoo.fr
OBRECHIES,59,obrechies@wanadoo.fr
OCHTEZEELE,59,mairie.ochtezeele@wanadoo.fr
ODOMEZ,59,mairieodomez@wanadoo.fr
OHAIN,59,mairie-ohain@wanadoo.fr
OISY,59,mairie-doisy@wanadoo.fr
ONNAING,59,mairie.onnaing@wanadoo.fr
OOST-CAPPEL,59,oostcappel@orange.fr
ORCHIES,59,accueil@ville-orchies.fr
ORS,59,mairie.ors@wanadoo.fr
ORSINVAL,59,mairie.orsinval@wanadoo.fr
OSTRICOURT,59,communication.mairie.ost@fr.oleane.com
OUDEZEELE,59,mairie.oudezeele@wanadoo.fr
OXELAERE,59,mairie.oxelaere-59@wanadoo.fr
PAILLENCOURT,59,ville.paillencourt@wanadoo.fr
PECQUENCOURT,59,mairie@pecquencourt.fr
PERENCHIES,59,communication@ville-perenchies.fr
PERONNE-EN-MELANTOIS,59,peronne-melantois@wanadoo.fr
PETITE-FORET,59,pbednarowicz@mairie-petiteforet.fr
PETIT-FAYT,59,mairie.petit-fayt@wanadoo.fr
PHALEMPIN,59,ccas.phalempin@wanadoo.fr
PITGAM,59,mairie.pitgam@wanadoo.fr
POIX-DU-NORD,59,mairiepoix@wanadoo.fr
POMMEREUIL,59,mairiedepommereuil@wanadoo.fr
PONT-A-MARCQ,59,contact@ville-pontamarcq.fr
PONT-SUR-SAMBRE,59,mairie.pontsursambre@wanadoo.fr
POTELLE,59,mairie.de.potelle@nordnet.fr
PRADELLES,59,crmf.pradelles@wanadoo.fr
PREMESQUES,59,mairie.premesques@wanadoo.fr
PRESEAU,59,mairie.preseau@wanadoo.fr
PREUX-AU-BOIS,59,lemaire.jacquesruffin@9business.fr
PREUX-AU-SART,59,mairie.preuxausart@wanadoo.fr
PRISCHES,59,prisches.mairie@wanadoo.fr
PROUVY,59,accueil@mairie-prouvy.fr
PROVILLE,59,contact@proville-en-cambresis.com
PROVIN,59,accueil@mairie-provin.fr
QUAEDYPRE,59,ville-de-quaedypre@wanadoo.fr
QUAROUBLE,59,mairie-de-quarouble@wanadoo.fr
QUERENAING,59,contact@querenaing.fr
QUESNOY-SUR-DEULE,59,secretariat-maire@ville-quesnoysurdeule.fr
QUIEVELON,59,mairie.quievelon@orange.fr
QUIEVRECHAIN,59,""
QUIEVY,59,mairie.quievy@wanadoo.fr
RACHES,59,ville-raches@wanadoo.fr
RADINGHEM-EN-WEPPES,59,mairie.radinghem.en.weppes@wanadoo.fr
RAILLENCOURT-SAINTE-OLLE,59,mairie@raillencourt.fr
RAIMBEAUCOURT,59,contact@mairie-raimbeaucourt.fr
RAINSARS,59,mairie.rainsars@free.fr
RAISMES,59,info.raismes@wanadoo.fr
RAMILLIES,59,mairie-de-ramillies@wanadoo.fr
RAMOUSIES,59,mairie.ramousies@wanadoo.fr
RAUCOURT-AU-BOIS,59,mairie.raucourtaubois@orange.fr
RECQUIGNIES,59,mairie-recquignies@wanadoo.fr
REJET-DE-BEAULIEU,59,mairie.rejetbeaulieu@wanadoo.fr
RENESCURE,59,mairierenescure@wanadoo.fr
REUMONT,59,""
REXPOEDE,59,mairie.rexpoede@wanadoo.fr
RIBECOURT-LA-TOUR,59,mairieribecourtlatour@wanadoo.fr
RIEULAY,59,mairie.rieulay@wanadoo.fr
RIEUX-EN-CAMBRESIS,59,mairie.rieux@wanadoo.fr
ROBERSART,59,mairie.robersart@wanadoo.fr
ROEULX,59,mairie@roeulx.fr
ROMBIES-ET-MARCHIPONT,59,guyhuart@aol.com
ROMERIES,59,mairiederomeries@wanadoo.fr
RONCHIN,59,contact@ville-ronchin.fr
RONCQ,59,contact@roncq.fr
ROOST-WARENDIN,59,contact@ville-roostwarendin.fr
ROSULT,59,mairie.rosult@wanadoo.fr
ROUBAIX,59,contact@ville-roubaix.fr
ROUCOURT,59,mairie-roucourt@wanadoo.fr
ROUSIES,59,mairie.rousies@wanadoo.fr
ROUVIGNIES,59,mairie.rouvignies@orange.fr
RUBROUCK,59,rubrouck.mairie@wanadoo.fr
RUESNES,59,mairie.ruesnes@wanadoo.fr
RUMEGIES,59,mairie.rumegies@wanadoo.fr
RUMILLY-EN-CAMBRESIS,59,rumilly-cis@wanadoo.fr
SAILLY-LEZ-CAMBRAI,59,mairie.saillylezcambrai@wanadoo.fr
SAILLY-LEZ-LANNOY,59,sailly-lez-lannoy@nordnet.fr
SAINGHIN-EN-MELANTOIS,59,secretariat@sainghin-en-melantois.fr
SAINGHIN-EN-WEPPES,59,mairiesainghinw@nordnet.fr
SAINS-DU-NORD,59,mairie@ville-sainsdunord.fr
SAINT-AMAND-LES-EAUX,59,contact@saint-amand-les-eaux.fr
SAINT-ANDRE-LEZ-LILLE,59,st-andre-cab-maire@wanadoo.fr
SAINT-AUBERT,59,mairie.saintaubert@wanadoo.fr
SAINT-AUBIN,59,mairie-saint-aubin@wanadoo.fr
SAINT-AYBERT,59,""
SAINT-BENIN,59,mairiedesaintbenin@orange.fr
SAINTE-MARIE-CAPPEL,59,mairie.sainte.marie.cappel@wanadoo.fr
SAINT-GEORGES-SUR-L'AA,59,saintgeorgesaa.mairie@wanadoo.fr
SAINT-HILAIRE-LEZ-CAMBRAI,59,mairie.sainthilairelezcambrai@wanadoo.fr
SAINT-HILAIRE-SUR-HELPE,59,mairie.st-hilaire-h@wanadoo.fr
SAINT-JANS-CAPPEL,59,mairie@saintjanscappel.net
SAINT-MARTIN-SUR-ECAILLON,59,mairie.stmartin599@orange.fr
SAINT-MOMELIN,59,mairie.st.momelin@wanadoo.fr
SAINT-PIERRE-BROUCK,59,mairiedesaintpierrebrouck@wanadoo.fr
SAINT-POL-SUR-MER,59,mairie@ville-saintpolsurmer.fr
SAINT-PYTHON,59,mairie.python@wanadoo.fr
SAINT-REMY-CHAUSSEE,59,saintremychaussee59@free.fr
SAINT-REMY-DU-NORD,59,mairie-saintremydunord@nordnet.fr
SAINT-SAULVE,59,mairie@ville-saint-saulve.fr
SAINT-SOUPLET,59,mairie.st.souplet@wanadoo.fr
SAINT-SYLVESTRE-CAPPEL,59,mairie.st.sylvestre.cappel@wanadoo.fr
SAINT-VAAST-EN-CAMBRESIS,59,mairie.stvaastencis@laposte.net
SAINT-WAAST,59,mairie-st-waast@wanadoo.fr
SALESCHES,59,mairiesalesches@orange.fr
SALOME,59,contact@communesalome.fr
SAMEON,59,mairie-sameon@wanadoo.fr
SANCOURT,59,mairiecole.sancourt@wanadoo.fr
SANTES,59,mairie.de.santes@wanadoo.fr
SARS-ET-ROSIERES,59,mairiesars-et-rosieres@wanadoo.fr
SARS-POTERIES,59,mairie.sarspoteries@wanadoo.fr
SASSEGNIES,59,mairiesassegnies@orange.fr
SAULTAIN,59,saultain@wanadoo.fr
SAULZOIR,59,saulzoir-mairie@wanadoo.fr
SEBOURG,59,mairie-sebourg@wanadoo.fr
SECLIN,59,secretariat-gnral@ville-seclin.fr
SEMERIES,59,mairiesemeries@wanadoo.fr
SEMOUSIES,59,mairie.semousies@wanadoo.fr
SEPMERIES,59,commune.sepmeries@orange.fr
SEQUEDIN,59,mr-le-maire@mairie-sequedin.fr
SERANVILLERS-FORENVILLE,59,mairie.seranvillers@orange.fr
SERCUS,59,mairie.sercus@wanadoo.fr
SIN-LE-NOBLE,59,communication@mairie-sinlenoble.fr
SOCX,59,mairie.socx@hotmail.fr
SOLESMES,59,mairiesolesmes@nordnet.fr
SOLRE-LE-CHATEAU,59,""
SOLRINNES,59,mairie.solrinnes@wanadoo.fr
SOMAIN,59,mairie-somain@wanadoo.fr
SOMMAING,59,mairie.sommaing@free.fr
SPYCKER,59,mairie.spycker@wanadoo.fr
STAPLE,59,""
STEENBECQUE,59,mairie.steenbecque@wanadoo.fr
STEENE,59,mairiedesteene@wanadoo.fr
STEENVOORDE,59,mairie-steenvoorde@cegetel.net
STEENWERCK,59,mairie.steenwerck@wanadoo.fr
STRAZEELE,59,mairie.strazelle@wanadoo.fr
TAISNIERES-EN-THIERACHE,59,mairie-taisnieres-en-thierache@wanadoo.fr
TAISNIERES-SUR-HON,59,mairie.taisnieres-sur-hon@wanadoo.fr
TEMPLEMARS,59,villedetemplemars@wanadoo.fr
TEMPLEUVE,59,mairie@ville-templeuve.fr
TERDEGHEM,59,mairieterdeghem@wanadoo.fr
TETEGHEM,59,mairie@villedeteteghem.fr
THIANT,59,mairie@thiant.fr
THIENNES,59,mairie.thiennes@wanadoo.fr
THIVENCELLE,59,mairie-de-thivencelle@wanadoo.fr
THUMERIES,59,mairie@thumeries.fr
THUN-L'EVEQUE,59,mairie.thunleveque@wanadoo.fr
THUN-SAINT-AMAND,59,mairie-thunstamand@wanadoo.fr
THUN-SAINT-MARTIN,59,mairie.thunsaintmartin@wanadoo.fr
TILLOY-LEZ-CAMBRAI,59,communetilloy@wanadoo.fr
TILLOY-LEZ-MARCHIENNES,59,mairie.tilloylezmarchiennes@wanadoo.fr
TOUFFLERS,59,toufflers.mairie@numericable.fr
TOURCOING,59,jpbalduyck@ville-tourcoing.fr
TOURMIGNIES,59,mairie.tourmignies@wanadoo.fr
TRELON,59,comptabilite@ville-trelon.fr
TRESSIN,59,mairie.tressin@wanadoo.fr
TRITH-SAINT-LEGER,59, charles-prouveur@orange.fr 
TROISVILLES,59,accueil@mairietroisvilles59.fr
UXEM,59,mairie-uxem@wanadoo.fr
VALENCIENNES,59,ACV@ville-valenciennes.fr
VENDEGIES-AU-BOIS,59,communedevendegies@wanadoo.fr
VENDEGIES-SUR-ECAILLON,59,mairie-vendegies-sur-ecaillon@wanadoo.fr
VENDEVILLE,59,mairie-vendeville@wanadoo.fr
VERCHAIN-MAUGRE,59,mairiedeverchainmaugre@cegetel.net
VERLINGHEM,59,mairie@verlinghem.fr
VERTAIN,59,commune.vertain@orange.fr
VICQ,59,contact@ville-vicq.fr
VIESLY,59,mairie-de-viesly2@wanadoo.fr
VIEUX-BERQUIN,59,contact@mairie-vieux-berquin.fr
VIEUX-CONDE,59,mairie@ville-vieux-conde.fr
VIEUX-MESNIL,59,mairie@vieux-mesnil.fr
VIEUX-RENG,59,mairiedevieuxreng@cegetel.net
VILLENEUVE-D'ASCQ,59,gcaudron@villeneuvedascq.fr
VILLEREAU,59,mairiedevillereau@wanadoo.fr
VILLERS-AU-TERTRE,59,mairievillersautertre@wanadoo.fr
VILLERS-EN-CAUCHIES,59,mairievillerscauchies@wanadoo.fr
VILLERS-GUISLAIN,59,mairiedevillersguislain@wanadoo.fr
VILLERS-OUTREAUX,59,mairie-de-villers-outreaux@wanadoo.fr
VILLERS-PLOUICH,59,mairiedevillersplouich@wanadoo.fr
VILLERS-POL,59,mairie.villerspol@wanadoo.fr
VILLERS-SIRE-NICOLE,59,mairie.villerssn@wanadoo.fr
VOLCKERINCKHOVE,59,mairie.volckerinckhove@wanadoo.fr
VRED,59,hotel-de-ville-vred@wanadoo.fr
WAHAGNIES,59,mairie.wahagnies@wanadoo.fr
WALINCOURT-SELVIGNY,59,mairie.walincourt@wanadoo.fr
WALLERS,59,mairie-wallers@wanadoo.fr
WALLERS-TRELON,59,mairie.wallers-trelon@nordnet.fr
WALLON-CAPPEL,59,mairiewalloncappel@wanadoo.fr
WAMBAIX,59,mairie.wambaix@wanadoo.fr
WAMBRECHIES,59,cabinet.du.maire@wambrechies.fr
WANDIGNIES-HAMAGE,59,mairie.wandignies@wanadoo.fr
WANNEHAIN,59,mairie@wannehain.net
WARGNIES-LE-GRAND,59,mairie-de-wargnies-le-grand@wanadoo.fr
WARGNIES-LE-PETIT,59,mairie.wargnieslepetit@wanadoo.fr
WARHEM,59,mairie-de-warhem@wanadoo.fr
WARLAING,59,mairie.warlaing@wanadoo.fr
WARNETON,59,mairie.warneton@wanadoo.fr
WASNES-AU-BAC,59,mairie.wasnesaubac@wanadoo.fr
WASQUEHAL,59,mairie@ville-wasquehal.fr
WATTEN,59,mairie@mairie-watten.fr
WATTIGNIES,59,contact@mairie-wattignies.com
WATTIGNIES-LA-VICTOIRE,59,wattignies.mairie@wanadoo.fr
WATTRELOS,59,presse-communication@ville-wattrelos.fr
WAVRECHAIN-SOUS-DENAIN,59,com.wsd@orange.fr
WAVRECHAIN-SOUS-FAULX,59,mairiewavrechainsousfaulx@orange.fr
WAVRIN,59,contact@ville-wavrin.fr
WAZIERS,59,mairie-waziers@wanadoo.fr
WEMAERS-CAPPEL,59,mairie.wemaerscappel-nord@wanadoo.fr
WERVICQ-SUD,59,contact@wervicq-sud.com
WEST-CAPPEL,59,mairie-west-cappel@orange.fr
WICRES,59,mairie.wicres@wanadoo.fr
WIGNEHIES,59,mairie.wignehies@wanadoo.fr
WILLEMS,59,secretariat.mairie@willems.fr
WILLIES,59,mairiedewillies@wanadoo.fr
WINNEZEELE,59,mairie.winnezeele@wanadoo.fr
WORMHOUT,59,communication.mairiedewormhout@wanadoo.fr
WULVERDINGHE,59,mairie-wulverdinghe@wanadoo.fr
WYLDER,59,mairie.wylder@wanadoo.fr
ZEGERSCAPPEL,59,mairie.zegerscappel@wanadoo.fr
ZERMEZEELE,59,commune.zermezeele@wanadoo.fr
ZUYDCOOTE,59,mairie@villedezuydcoote.fr
ZUYTPEENE,59,mairie.zuytpeene@orange.fr
AIRE-SUR-L'ADOUR,40,mairie@aire-sur-adour.fr
AMOU,40,commune-amou@wanadoo.fr
ANGOUME,40,mairie.angoume@wanadoo.fr
ANGRESSE,40,mairie.angresse@wanadoo.fr
ARBOUCAVE,40,mairie.arboucave@wanadoo.fr
ARENGOSSE,40,mairie.arengosse@wanadoo.fr
ARGELOS,40,argelos.mairie@wanadoo.fr
ARGELOUSE,40,mairie.argelouse@wanadoo.fr
ARJUZANX,40,mairie.arjuzanx@fr.oleane.com
ARSAGUE,40,mairie.arsague@wanadoo.fr
ARTASSENX,40,mairie-artassenx@wanadoo.fr
ARTHEZ-D'ARMAGNAC,40,mairie.arthez-darmagnac@wanadoo.fr
ARUE,40,mairiearue@wanadoo.fr
ARX,40,arx.mairie@wanadoo.fr
AUBAGNAN,40,mairieaubagnan@wanadoo.fr
AUDIGNON,40,mairie.audignon@wanadoo.fr
AUDON,40,mairie.audon@wanadoo.fr
AUREILHAN,40,aureilhan40@free.fr
AURICE,40,mairie.aurice@wanadoo.fr
AZUR,40,mairie.azur@wanadoo.fr
BAHUS-SOUBIRAN,40,mairie.bahussoubiran@wanadoo.fr
BAIGTS,40,commune-de-baigts@wanadoo.fr
BANOS,40,banos.mairie@wanadoo.fr
BASCONS,40,secretariat@mairie-bascons.fr
BAS-MAUCO,40,mairie.basmauco@wanadoo.fr
BASSERCLES,40,mairie.bassercles@wanadoo.fr
BASTENNES,40,mairie.bastennes@wanadoo.fr
BATS,40,mairie.bats@wanadoo.fr
BAUDIGNAN,40,mairiebaudignan@orange.fr
BEGAAR,40,mairie.begaar@wanadoo.fr
BELHADE,40,mairie.belhade@wanadoo.fr
BELIS,40,communebelis@neuf.fr
BELUS,40,belus.mairie@wanadoo.fr
BENESSE-LES-DAX,40,mairie-benesse-les-dax@wanadoo.fr
BENESSE-MAREMNE,40,jean-francois.dussin@wanadoo.fr
BENQUET,40,communedebenquet@orange.fr
BERGOUEY,40,mairie.bergouey@wanadoo.fr
BETBEZER-D'ARMAGNAC,40,mairie.betbezer40@wanadoo.fr
BEYLONGUE,40,mairie.beylongue@wanadoo.fr
BEYRIES,40,mairie.beyries@wanadoo.fr
BIAS,40,mairie-de-bias@bias40.fr
BIAUDOS,40,mairie-biaudos@wanadoo.fr
BISCARROSSE,40,biscarrosse@wanadoo.fr
BONNEGARDE,40,bonnegarde.mairie@wanadoo.fr
BOOS,40,mairie.boos@wanadoo.fr
BORDERES-ET-LAMENSANS,40,mairie.borderes@wanadoo.fr
BOSTENS,40,mairie-bostens@wanadoo.fr
BOUGUE,40,commune.bougue@wanadoo.fr
BOURDALAT,40,mairiedebourdalat@wanadoo.fr
BOURRIOT-BERGONCE,40,communebourriot@wanadoo.fr
BRASSEMPOUY,40,Mairie.Brassempouy@wanadoo.fr
BRETAGNE-DE-MARSAN,40,mairie.bretagne@wanadoo.fr
BROCAS,40,mairie.brocas@wanadoo.fr
BUANES,40,mairie-buanes@wanadoo.fr
CACHEN,40,mairie.cachen@orange.fr
CAGNOTTE,40,mairie-cagnotte@wanadoo.fr
CALLEN,40,mairie.callen@wanadoo.fr
CAMPAGNE,40,mairie-de-campagne@wanadoo.fr
CAMPET-ET-LAMOLERE,40,mairie.campet-lamolere@orange.fr
CANDRESSE,40,mairie.candresse@wanadoo.fr
CANENX-ET-REAUT,40,mairie.canenx@wanadoo.fr
CAPBRETON,40,communication@capbreton.fr
CARCARES-SAINTE-CROIX,40,carcares-ste-croix@wanadoo.fr
CARCEN-PONSON,40,mairie.carcen-ponson@wanadoo.fr
CASSEN,40,mairie.cassen@wanadoo.fr
CASTAIGNOS-SOUSLENS,40,mairie.castaignos@wanadoo.fr
CASTANDET,40,mairiedecastandet@wanadoo.fr
CASTELNAU-CHALOSSE,40,mairie-castelnau@wanadoo.fr
CASTELNAU-TURSAN,40,mairie.castelnautursan@wanadoo.fr
CASTELNER,40,mairie.castelner@wanadoo.fr
CASTEL-SARRAZIN,40,mairie.castelsarrazin@wanadoo.fr
CASTETS,40,mairie@ville-castets.fr
CAUNA,40,mairie.cauna@wanadoo.fr
CAUNEILLE,40,mairie.cauneille@libertysurf.fr
CAUPENNE,40,caupenne.mairie@wanadoo.fr
CAZALIS,40,mairie.cazalis40@wanadoo.fr
CAZERES-SUR-L'ADOUR,40,mairie.cazeres@wanadoo.fr
CERE,40,mairiecere@orange.fr
CLASSUN,40,mairie-classun@wanadoo.fr
CLEDES,40,mairie.cledes@wanadoo.fr
CLERMONT,40,mairieclermont@wanadoo.fr
COMMENSACQ,40,mairie.bernadette@wanadoo.fr
COUDURES,40,mairie-coudures@cegetel.net
CREON-D'ARMAGNAC,40,mairie.creon-armagnac@wanadoo.fr
DAX,40,information@dax.fr
DOAZIT,40,mairie.doazit@wanadoo.fr
DONZACQ,40,mairie.donzacq@wanadoo.fr
DUHORT-BACHEN,40,mairie.duhort.bachen@wanadoo.fr
DUMES,40,mairie.dumes@wanadoo.fr
ESCALANS,40,commune.escalans@orange.fr
ESCOURCE,40,mairie.escource@wanadoo.fr
ESTIBEAUX,40,mairieestibeaux@wanadoo.fr
ESTIGARDE,40,mairie.estigarde40@wanadoo.fr
EUGENIE-LES-BAINS,40,mairie.eugenie@wanadoo.fr
EYRES-MONCUBE,40,mairie.eyres@wanadoo.fr
FARGUES,40,mairie.fargues@wanadoo.fr
GAAS,40,mairie.gaas@wanadoo.fr
GABARRET,40,mairie.gabarret@wanadoo.fr
GAILLERES,40,mairie.gailleres@wanadoo.fr
GAMARDE-LES-BAINS,40,mairie.gamarde@wanadoo.fr
GAREIN,40,mairie.garein@wanadoo.fr
GARREY,40,mairie.garrey@wanadoo.fr
GARROSSE,40,mairiegarrosse@fr.oleane.com
GASTES,40,gastes.mairie@wanadoo.fr
GAUJACQ,40,mairie.gaujacq@wanadoo.fr
GEAUNE,40,commune.de.geaune@wanadoo.fr
GELOUX,40,mairie.geloux@orange.fr
GIBRET,40,mairie.gibret@wanadoo.fr
GOOS,40,mairie.goos@wanadoo.fr
GOURBERA,40,mairie.gourbera@wanadoo.fr
GOUSSE,40,mairie.gousse@wanadoo.fr
GOUTS,40,mairie.gouts@wanadoo.fr
GRENADE-SUR-L'ADOUR,40,mairie@grenadesuradour.fr
HABAS,40,mairiehabas@wanadoo.fr
HAGETMAU,40,cabinet@hagetmau.fr
HASTINGUES,40,mairie.hastingue@orange.fr
HAURIET,40,mairie.hauriet@wanadoo.fr
HAUT-MAUCO,40,mairie.haut-mauco@wanadoo.fr
HERM,40,mairie.herm@wanadoo.fr
HERRE,40,commune.herre@wanadoo.fr
HEUGAS,40,mairie.heugas@wanadoo.fr
HINX,40,service-administratif-hinx@wanadoo.fr
HONTANX,40,mairie.hontanx@wanadoo.fr
HORSARRIEU,40,mairie.horsarrieu@wanadoo.fr
JOSSE,40,mairie.josse@wanadoo.fr
LABASTIDE-CHALOSSE,40,mairie.labastide-chalosse@wanadoo.fr
LABASTIDE-D'ARMAGNAC,40,commune-la-bastide-armagnac@wanadoo.fr
LABATUT,40,mairie.labatut40@wanadoo.fr
LABENNE,40,ville.labenne@wanadoo.fr
LABOUHEYRE,40,accueilmairie@labouheyre.fr
LABRIT,40,mairie.de.labrit@cc-paysalbret.fr
LACAJUNTE,40,mairie.lacajunte@wanadoo.fr
LACQUY,40,mairie.lacquy@wanadoo.fr
LACRABE,40,mairiedelacrabe@orange.fr
LAGLORIEUSE,40,laglorieuse@wanadoo.fr
LAGRANGE,40,mairie.lagrange40@wanadoo.fr
LAHOSSE,40,mairie.lahosse@wanadoo.fr
LALUQUE,40,mairie.laluque@wanadoo.fr
LAMOTHE,40,mairie-de-lamothe@wanadoo.fr
LARBEY,40,mairie.larbey@wanadoo.fr
LARRIVIERE,40,mairie.larriviere@wanadoo.fr
LATRILLE,40,mairiedelatrille@orange.fr
LAUREDE,40,mairie.laurede@wanadoo.fr
LAURET,40,mairie.lauret@wanadoo.fr
LE-FRECHE,40,mairie.lefreche@wanadoo.fr
LE-LEUY,40,leleuy.mairie@wanadoo.fr
LENCOUACQ,40,mairie.lencouacq@wanadoo.fr
LEON,40,mairieleon@orange.fr
LE-SEN,40,mairie.le-sen@wanadoo.fr
LESGOR,40,mairielesgor@wanadoo.fr
LESPERON,40,commune.lesperon@wanadoo.fr
LEVIGNACQ,40,mairie.levignacq@wanadoo.fr
LE-VIGNAU,40,mairie.le-vignau@wanadoo.fr
LINXE,40,mairie.linxe@wanadoo.fr
LIPOSTHEY,40,mairie.liposthey@wanadoo.fr
LIT-ET-MIXE,40,mairie@lit-et-mixe.com
LOSSE,40,mairiede.losse@wanadoo.fr
LOUER,40,mairiedelouer@wanadoo.fr
LOURQUEN,40,mairie.lourquen@wanadoo.fr
LUBBON,40,lubbon.mairie@wanadoo.fr
LUCBARDEZ-ET-BARGUES,40,mairie.lucbardez@wanadoo.fr
LUE,40,mairiedelue@wanadoo.fr
LUGLON,40,mairie.luglon@wanadoo.fr
LUSSAGNET,40,mairie.lussagnet@nordnet.fr
LUXEY,40,mairiedeluxey@wanadoo.fr
MAGESCQ,40,mairie.magescq@wanadoo.fr
MAILLAS,40,mairie.maillas@wanadoo.fr
MAILLERES,40,mairie.mailleres@wanadoo.fr
MANO,40,mairie.mano@wanadoo.fr
MANT,40,mairie.mant@wanadoo.fr
MARPAPS,40,mairie.marpaps@wanadoo.fr
MAURIES,40,commune.de.mauries@wanadoo.fr
MAURRIN,40,mairiemaurrin@wanadoo.fr
MAUVEZIN-D'ARMAGNAC,40,""
MAYLIS,40,mairie.maylis@wanadoo.fr
MAZEROLLES,40,mairie.mazerolles@wanadoo.fr
MEES,40,mairie.mees@wanadoo.fr
MEILHAN,40,mairie.meilhan@wanadoo.fr
MESSANGES,40,mairie.messanges.landes@wanadoo.fr
MEZOS,40,mairiedemezos@wanadoo.fr
MIMBASTE,40,mimbaste.mairie@wanadoo.fr
MIMIZAN,40,communication@mimizan.com
MIRAMONT-SENSACQ,40,miramont.mairie@wanadoo.fr
MISSON,40,mairie.misson@wanadoo.fr
MOLIETS-ET-MAA,40,mairie-de-moliets@wanadoo.fr
MOMUY,40,mairie.momuy@orange.fr
MONGET,40,mairie.monget@wanadoo.fr
MONSEGUR,40,monsegur.mairie@wanadoo.fr
MONTAUT,40,montaut.mairie@wanadoo.fr
MONT-DE-MARSAN,40,mairie@montdemarsan.fr
MONTEGUT,40,mairiedemontegut@wanadoo.fr
MONTFORT-EN-CHALOSSE,40,mairie.montfort.chalosse@wanadoo.fr
MONTGAILLARD,40,mmontgaillard@wanadoo.fr
MONTSOUE,40,mairie-montsoue@cgt.net
MORCENX,40,mairie.morcenx@wanadoo.fr
MORGANX,40,commune.morganx@wanadoo.fr
MOUSCARDES,40,mairie.mouscardes@orange.fr
MOUSTEY,40,mairiedemoustey@wanadoo.fr
MUGRON,40,mairiemugron@wanadoo.fr
NARROSSE,40,mairie.narrosse@wanadoo.fr
NASSIET,40,mairie.nassiet@wanadoo.fr
NERBIS,40,mairie.nerbis@wanadoo.fr
NOUSSE,40,MAIRIE.NOUSSE@wanadoo.fr
OEYREGAVE,40,mairie.oeyregave@wanadoo.fr
OEYRELUY,40,mairie@ville-oeyreluy.fr
ONARD,40,mairie.onard@wanadoo.fr
ONDRES,40,contact@ondres.fr
ONESSE-ET-LAHARIE,40,mairie-onesse-laharie@wanadoo.fr
ORIST,40,orist@wanadoo.fr
ORTHEVIELLE,40,mairie.orthevielle@wanadoo.fr
ORX,40,mairie.orx@wanadoo.fr
OSSAGES,40,mairie.ossages@wanadoo.fr
OUSSE-SUZAN,40,mairie-ousse@wanadoo.fr
OZOURT,40,mairie.ozourt@wanadoo.fr
PARENTIS-EN-BORN,40,mairie@parentis.com
PARLEBOSCQ,40,mairie.parleboscq@wanadoo.fr
PAYROS-CAZAUTETS,40,mairie.payros.cazautets@wanadoo.fr
PECORADE,40,mairie.pecorade@wanadoo.fr
PERQUIE,40,mairie.perquie@wanadoo.fr
PEY,40,mairie.pey@wanadoo.fr
PEYRE,40,peyre.mairie@wanadoo.fr
PEYREHORADE,40,mairie@peyrehorade.fr
PHILONDENX,40,mairie.philondenx@wanadoo.fr
PIMBO,40,mairie.pimbo@wanadoo.fr
PISSOS,40,mairie.pissos@wanadoo.fr
POMAREZ,40,mairie.pomarez@wanadoo.fr
PONTENX-LES-FORGES,40,mairie.pontenx@mimizan.com
PONTONX-SUR-L'ADOUR,40,mairie.pontonx@wanadoo.fr
PORT-DE-LANNE,40,mairie.port-de-lanne@wanadoo.fr
POUDENX,40,mairie.poudenx2@wanadoo.fr
POUILLON,40,mairie.pouillon@wanadoo.fr
POUYDESSEAUX,40,communepouydesseaux@wanadoo.fr
POYANNE,40,""
POYARTIN,40,mairie.poyartin@wanadoo.fr
PRECHACQ-LES-BAINS,40,mairiedeprechacq@wanadoo.fr
PUJO-LE-PLAN,40,commune-pujo-le-plan@wanadoo.fr
PUYOL-CAZALET,40,mairie.puyol@wanadoo.fr
RENUNG,40,mairierenung@wanadoo.fr
RETJONS,40,mairie.retjons@orange.fr
RIMBEZ-ET-BAUDIETS,40,mairie-de-rimbez@wanadoo.fr
RION-DES-LANDES,40,accueil@riondeslandes.fr
RIVIERE-SAAS-ET-GOURBY,40,riviere-saas-gourby.mairie@wanadoo.fr
ROQUEFORT,40,mairie.roquefort@wanadoo.fr
SABRES,40,contact@mairie-sabres.fr
SAINT-AGNET,40,mairie-st-agnet@orange.fr
SAINT-ANDRE-DE-SEIGNANX,40,mairie.st-andre-de-seignanx@wanadoo.fr
SAINT-AUBIN,40,mairie.saint-aubin@wanadoo.fr
SAINT-AVIT,40,saintavit.40@wanadoo.fr
SAINT-BARTHELEMY,40,mairie.saintbarthelemy@wanadoo.fr
SAINT-CRICQ-CHALOSSE,40,mairie.stcricqchalosse@wanadoo.fr
SAINT-CRICQ-DU-GAVE,40,mairie.stcricqdugave@wanadoo.fr
SAINT-CRICQ-VILLENEUVE,40,mairiedesaintcricqvilleneuve@wanadoo.fr
SAINTE-COLOMBE,40,sainte-colombe@wanadoo.fr
SAINTE-EULALIE-EN-BORN,40,mairie.sainteeulalieenborn@wanadoo.fr
SAINTE-FOY,40,mairie.st-cyrmontmalin@wanadoo.fr
SAINTE-MARIE-DE-GOSSE,40,mairie.ste-marie-de-gosse@wanadoo.fr
SAINT-ETIENNE-D'ORTHE,40,mairie.st.etienne.orthe@wanadoo.fr
SAINT-GEIN,40,mairie.saintgein@wanadoo.fr
SAINT-GEOURS-D'AURIBAT,40,stgeoursdauribat@wanadoo.fr
SAINT-GEOURS-DE-MAREMNE,40,commune-de-st-geours-de-maremne@wanadoo.fr
SAINT-GOR,40,mairie.saint-gor@wanadoo.fr
SAINT-JEAN-DE-LIER,40,mairie.lier@wanadoo.fr
SAINT-JEAN-DE-MARSACQ,40,commune.stjeandemarsacq@wanadoo.fr
SAINT-JULIEN-D'ARMAGNAC,40,mairie.stjuliendarm@wanadoo.fr
SAINT-JULIEN-EN-BORN,40,mairie40170@wanadoo.fr
SAINT-JUSTIN,40,mairie.de.saint-justin@wanadoo.fr
SAINT-LAURENT-DE-GOSSE,40,communesaintlaurentdegosse@orange.fr
SAINT-LON-LES-MINES,40,mairie.stlonlesmines@wanadoo.fr
SAINT-LOUBOUER,40,mairie.saint-loubouer@wanadoo.fr
SAINT-MARTIN-DE-HINX,40,mairie.saint-martin-de-hinx@wanadoo.fr
SAINT-MARTIN-DE-SEIGNANX,40,stmartindeseignanx@wanadoo.fr
SAINT-MARTIN-D'ONEY,40,mairiestmartindoney@wanadoo.fr
SAINT-MAURICE-SUR-ADOUR,40,saint.maurice40@wanadoo.fr
SAINT-MICHEL-ESCALUS,40,mairie.saintmichellescalus@wanadoo.fr
SAINT-PANDELON,40,mairie.saint-pandelon@wanadoo.fr
SAINT-PAUL-EN-BORN,40,mairie.stpaulenborn@wanadoo.fr
SAINT-PAUL-LES-DAX,40,webmaster@st-paul-les-dax.fr
SAINT-PERDON,40,StPerdon@wanadoo.fr
SAINT-PIERRE-DU-MONT,40,mairie-saint-pierre-du-mont@wanadoo.fr
SAINT-SEVER,40,cabinet-maire@mairiesaintsever.9tel.com
SAINT-VINCENT-DE-PAUL,40,mairiestvincentdepaul@wanadoo.fr
SAINT-VINCENT-DE-TYROSSE,40,contact@tyrosseville.com
SAINT-YAGUEN,40,mairie.saintyaguen@wanadoo.fr
SAMADET,40,mairie@samadet.com
SANGUINET,40,mairie.rh@sanguinet.fr
SARBAZAN,40,mairiedesarbazan@wanadoo.fr
SARRAZIET,40,mairie.sarraziet@wanadoo.fr
SARRON,40,mairie.sarron@wanadoo.fr
SAUBION,40,saubion.mairie@wanadoo.fr
SAUBRIGUES,40,Commune-de-Saubrigues@wanadoo.fr
SAUBUSSE,40,mairie.saubusse@wanadoo.fr
SAUGNAC-ET-CAMBRAN,40,mairie.saugnac.cambran@wanadoo.fr
SEIGNOSSE,40,secretariatdumaire@seignosse.com
SERRES-GASTON,40,serres.gaston@wanadoo.fr
SERRESLOUS-ET-ARRIBANS,40,mairieserreslous@wanadoo.fr
SEYRESSE,40,mairieseyresse@wanadoo.fr
SIEST,40,mairie.siest@wanadoo.fr
SINDERES,40,mairie.sinderes@wanadoo.fr
SOLFERINO,40,mairie.solferino@wanadoo.fr
SOORTS-HOSSEGOR,40,hossegor2@wanadoo.fr
SORBETS,40,mairie.sorbets@wanadoo.fr
SORDE-L'ABBAYE,40,mairie.sordelabbaye@wanadoo.fr
SORE,40,sore.mairie@wanadoo.fr
SORT-EN-CHALOSSE,40,mairie.sortenchalosse@cegetel.net
SOUPROSSE,40,mairie.de.souprosse@wanadoo.fr
SOUSTONS,40,contact@mairie-soustons.fr
TALLER,40,mairie.taller@wanadoo.fr
TARNOS,40,mairie@ville-tarnos.fr
TARTAS,40,mairie.tartas@wanadoo.fr
TERCIS-LES-BAINS,40,mairie.tercis@wanadoo.fr
TETHIEU,40,mairie.tethieu@wanadoo.fr
TILH,40,mairie.tilh@wanadoo.fr
TOSSE,40,mairiedetosse@wanadoo.fr
TOULOUZETTE,40,mairie.toulouzette@wanadoo.fr
TRENSACQ,40,communetrensacq@orange.fr
UCHACQ-ET-PARENTIS,40,mairie.uchacq@free.fr
URGONS,40,mairie.urgons@wanadoo.fr
UZA,40,mairie-uza@wanadoo.fr
VERT,40,mairie.vert@wanadoo.fr
VICQ-D'AURIBAT,40,mairie.vicq-d-auribat@wanadoo.fr
VIELLE-SAINT-GIRONS,40,mairie-vielle-stgirons@wanadoo.fr
VIELLE-SOUBIRAN,40,commune.vielle.soubiran@wanadoo.fr
VIELLE-TURSAN,40,mairie.vielletursan@wanadoo.fr
VIEUX-BOUCAU-LES-BAINS,40,mairie@vieuxboucau.fr
VILLENAVE,40,mairie.villenave@wanadoo.fr
VILLENEUVE-DE-MARSAN,40,villeneuve.mairie@wanadoo.fr
YCHOUX,40,mairieychoux@wanadoo.fr
YGOS-SAINT-SATURNIN,40,gbeyria@wanadoo.fr
YZOSSE,40,mairie.yzosse@wanadoo.fr
